stage,corner,temp_c,vcm_out_v,ok,problems,fail_reason,c_in_ff,c_in_lo_ff,cgg_ff,cgs_ff,cgd_ff,cgb_ff,analytic_ff,a_load,g_in_s,gm,id_a,vgs,vds,vdsat,v_src_dc,v_out_dc,runtime_s
summer_min,tt,0.0,1.2,True,,,6.642244664073719,6.642798217698188,3.286612,-2.49998,0.002700497,-0.7893359999999999,6.636783294641119,1.4104380868751163,7.11328682e-07,0.001957892,0.0005,1.097444,1.297442,0.1807273,0.102556,1.399998,0.6829210999999304
summer_min,tt,0.0,1.4,True,,,6.608790689740062,6.609328544320944,3.285951,-2.51253,0.006053,-0.779473,6.619289837031948,1.3817660505222158,6.96972834e-07,0.001932223,0.0005,1.132658,1.132657,0.1846875,0.2673424,1.4,0.6098277999999482
summer_min,tt,0.0,1.6,True,,,6.575290878782794,6.575811990263664,3.287684,-2.52909,0.009323729000000001,-0.7679199999999999,6.600950698759291,1.3502819306814078,6.8154584e-07,0.001904264,0.0005,1.166372,0.9663722,0.1886695,0.4336278,1.4,0.6398787999999058
summer_min,tt,27.0,1.2,True,,,6.558974008439522,6.559517452542006,3.27136,-2.48921,0.002780332,-0.784933,6.553905391480651,1.3413248744113357,6.95643304e-07,0.001854304,0.0005,1.099101,1.299099,0.1973177,0.100899,1.399998,0.6804606000000604
summer_min,tt,27.0,1.4,True,,,6.527576914393198,6.528105334269053,3.271156,-2.50238,0.006093296,-0.7748700000000001,6.53782940289573,1.3139949023599582,6.81971558e-07,0.00182962,0.0005,1.134676,1.134675,0.2014496,0.2653244,1.4,0.6607148000000507
summer_min,tt,27.0,1.6,True,,,6.496353681206707,6.496865994602323,3.2734050000000003,-2.51961,0.009301021000000001,-0.7630950000000001,6.521048311420695,1.2840041000515594,6.67241494e-07,0.001802912,0.0005,1.168808,0.9688082,0.2055887,0.4311918,1.4,0.6152490999998008
summer_min,tt,125.0,1.2,True,,,6.319917325154426,6.320431943113617,3.222729,-2.4576,0.003145424,-0.768273,6.316443448835927,1.1479467348654266,6.51121034e-07,0.00156712,0.0005,1.105236,1.305236,0.2539585,0.09476354,1.399999,0.6206739000001562
summer_min,tt,125.0,1.4,True,,,6.290955925624784,6.291456779864497,3.223275,-2.47183,0.006342304,-0.757786,6.301020472301281,1.12154358102873,6.38565874e-07,0.001541552,0.0005,1.14182,1.14182,0.2585451,0.2581799,1.4,0.6759144000000106
summer_min,tt,125.0,1.6,True,,,6.263209425803939,6.263695421338165,3.226597,-2.4905299999999997,0.009334834,-0.745406,6.285596709295343,1.0931374897404231,6.2507763e-07,0.001514973,0.0005000001,1.177219,0.9772191,0.2630767,0.4227809,1.4,0.6894753000001401
summer_min,ss,0.0,1.2,True,,,6.930511902974085,6.931140628661274,3.625655,-2.7769,0.0004958899999999999,-0.849252,6.990854773355879,1.3781169541815335,7.5493993e-07,0.001854178,0.0005,1.174284,1.374281,0.2134764,0.02571564,1.399997,0.5905778999999711
summer_min,ss,0.0,1.4,True,,,6.901806169945026,6.902423041772055,3.6166219999999996,-2.7690200000000003,0.0027616480000000002,-0.850361,6.97253262600306,1.3611511305897162,7.45064616e-07,0.001840837,0.0005,1.210564,1.210563,0.2173755,0.1894365,1.4,0.6515165999999226
summer_min,ss,0.0,1.6,True,,,6.873659656456411,6.874263235662593,3.611222,-2.7693600000000003,0.004934607000000001,-0.8468,6.954097377319965,1.3408186937650448,7.3386204e-07,0.001824523,0.0005,1.244324,1.044324,0.2211365,0.3556764,1.4,0.68351349999989
summer_min,ss,27.0,1.2,True,,,6.8476919486739325,6.848307356275485,3.6121999999999996,-2.76898,0.0004971867000000001,-0.843712,6.906768956447039,1.307217016343102,7.37057584e-07,0.001753743,0.0005,1.177447,1.377444,0.2328433,0.02255294,1.399997,0.6706449000000703
summer_min,ss,27.0,1.4,True,,,6.820269208204522,6.82087327124173,3.603481,-2.76139,0.0027319,-0.844823,6.8892927468400105,1.2910381445173174,7.27654296e-07,0.001740869,0.0005,1.21409,1.214089,0.236968,0.1859105,1.4,0.6484360000001743
summer_min,ss,27.0,1.6,True,,,6.793615873659599,6.7942071533717785,3.598418,-2.76211,0.004854837,-0.841162,6.871839499572499,1.271672525054217,7.16958216e-07,0.001725277,0.0005,1.24826,1.04826,0.2409191,0.3517395,1.4,0.666938699999946
summer_min,ss,125.0,1.2,True,,,6.6046942579555985,6.605270322455219,3.56771,-2.74515,0.0005724365999999999,-0.823136,6.660481907523351,1.1044022885186795,6.84863574e-07,0.001469228,0.0005,1.187693,1.387692,0.2996785,0.01230681,1.399999,0.6372272000000976
summer_min,ss,125.0,1.4,True,,,6.57897157239111,6.579537310918022,3.5597309999999998,-2.7379700000000002,0.002706902,-0.8244630000000001,6.643375063118543,1.0886312299783585,6.76274552e-07,0.001455389,0.0005,1.225513,1.225512,0.3044948,0.1744874,1.4,0.6424695000000611
summer_min,ss,125.0,1.6,True,,,6.554930390631375,6.555484440819265,3.5555499999999998,-2.73962,0.004650695000000001,-0.820582,6.626973394124816,1.070406720974223,6.66559316e-07,0.001439837,0.0005,1.261062,1.061062,0.309002,0.3389376,1.4,0.5951175000000148
summer_min,ff,0.0,1.2,True,,,6.363601129877863,6.364063901522792,2.986252,-2.25318,0.007480647,-0.740556,6.306461337076527,1.4129960391405603,6.50604498e-07,0.002059939,0.0005,1.012044,1.212043,0.1483276,0.1879562,1.399999,0.6516564000000926
summer_min,ff,0.0,1.4,True,,,6.314860526978555,6.315301984593506,2.99576,-2.2883,0.012672619999999999,-0.7201369999999999,6.282874807280875,1.3610374544016761,6.2872147e-07,0.002006862,0.0005,1.047357,1.047357,0.1526246,0.3526427,1.4,0.647467000000006
summer_min,ff,0.0,1.6,True,,,6.268370616890082,6.268790925996194,3.006602,-2.32416,0.017776649999999998,-0.700218,6.260048977856254,1.3093466964292484,6.06919508e-07,0.001954924,0.0005,1.082787,0.8827875,0.1570745,0.5172125,1.4,0.6508182000000033
summer_min,ff,27.0,1.2,True,,,6.282983434356262,6.283440132648564,2.969796,-2.24078,0.0076872220000000005,-0.7367,6.227624210052885,1.348167323460645,6.38296018e-07,0.00195332,0.0005,1.013234,1.213233,0.1621893,0.1867665,1.399999,0.6198906000001898
summer_min,ff,27.0,1.4,True,,,6.237516101143351,6.2379523512085635,2.9797089999999997,-2.2764599999999997,0.012822789999999999,-0.71607,6.206354363687317,1.2987078556254772,6.17430794e-07,0.00190255,0.0005000001,1.04888,1.04888,0.166613,0.3511202,1.4,0.6513187999998991
summer_min,ff,27.0,1.6,True,,,6.1943780450859744,6.194793910586076,2.991142,-2.31305,0.017838080000000003,-0.6959299999999999,6.185856767835842,1.249401759544697,5.96571754e-07,0.001852923,0.0005,1.084711,0.8847107,0.1711887,0.5152893,1.4,0.6220897000000605
summer_min,ff,125.0,1.2,True,,,6.060214846200727,6.060656494801609,2.92146,-2.20788,0.008439885000000001,-0.72202,6.010286043232854,1.1720218277518966,6.05505926e-07,0.001664494,0.0005,1.020112,1.220111,0.2086504,0.179888,1.399999,0.6378842999999961
summer_min,ff,125.0,1.4,True,,,6.0192308695375285,6.019653750587521,2.93117,-2.2436599999999998,0.013434179999999999,-0.700948,5.991018263288092,1.126225911473586,5.86530838e-07,0.001615839,0.0005,1.056418,1.056418,0.2133073,0.3435822,1.4,0.6179618999999548
summer_min,ff,125.0,1.6,True,,,5.980881798450182,5.981285670033771,2.943145,-2.2811,0.018172459999999998,-0.680219,5.972394784668878,1.0800551715489568,5.67356784e-07,0.001567951,0.0005,1.093206,0.8932057,0.2181014,0.5067942,1.4,0.6604213999999047
summer_min,sf,0.0,1.2,True,,,6.218372346165672,6.218822869246182,2.820522,-2.14539,0.007420901999999999,-0.6825479999999999,6.12924456556357,1.4084187323774242,6.419174e-07,0.002051033,0.0005,0.9974409,1.19744,0.1477054,0.2025591,1.399999,0.625581000000011
summer_min,sf,0.0,1.4,True,,,6.170012734735336,6.170442796856361,2.829911,-2.17838,0.012300219999999999,-0.6638270000000001,6.105002806219864,1.3569010873353795,6.20625752e-07,0.001998355,0.0005000001,1.032251,1.032251,0.1519611,0.3677494,1.4,0.6794612999999572
summer_min,sf,0.0,1.6,True,,,6.123508602561148,6.123918267384665,2.840449,-2.21195,0.01707638,-0.6455759999999999,6.081138753312925,1.3054530737133767,5.99312058e-07,0.001946705,0.0005,1.067226,0.8672257,0.1563717,0.5327743,1.4,0.597511299999951
summer_min,sf,27.0,1.2,True,,,6.138525138822172,6.13896981773317,2.804785,-2.13359,0.007608347,-0.6788080000000001,6.0517029850705875,1.3440964294065394,6.29840392e-07,0.001945279,0.0005,0.9986442,1.198643,0.1613367,0.2013558,1.399999,0.695605599999908
summer_min,sf,27.0,1.4,True,,,6.093217737228476,6.093642744588507,2.814577,-2.16712,0.01243399,-0.659891,6.029588469186298,1.2948639701927054,6.09488724e-07,0.001894639,0.0005000001,1.033783,1.033783,0.1657133,0.3662167,1.4,0.628307199999881
summer_min,sf,27.0,1.6,True,,,6.049857704588869,6.050263014933145,2.825696,-2.20139,0.01712553,-0.6414350000000001,6.007876453740763,1.2456088714189775,5.89045904e-07,0.001845054,0.0005,1.06916,0.8691595,0.170245,0.5308405,1.4,0.6434785000001284
summer_min,sf,125.0,1.2,True,,,5.917194789323974,5.917624889642186,2.75861,-2.1022700000000003,0.008287474,-0.664626,5.837125599457417,1.1684437358409696,5.97510738e-07,0.001657474,0.0005,1.005764,1.205764,0.2067128,0.1942356,1.4,0.6334550999999919
summer_min,sf,125.0,1.4,True,,,5.8759610921888665,5.876373048843566,2.7682439999999997,-2.13593,0.01297752,-0.645293,5.8167221694802445,1.1224536106269298,5.78888282e-07,0.001608436,0.0005,1.041545,1.041545,0.2112959,0.3584551,1.4,0.6980760999999802
summer_min,sf,125.0,1.6,True,,,5.836979399301324,5.837372906715019,2.779921,-2.17103,0.01740375,-0.62629,5.7966046800452995,1.0759487042370317,5.59975132e-07,0.001560109,0.0005,1.077874,0.8778741,0.2160239,0.5221259,1.4,0.6006396000000223
summer_min,fs,0.0,1.2,True,,,7.066954378897944,7.067583499289393,3.833111,-2.93931,8.566318000000001e-05,-0.893891,7.156553878059562,1.4070975623644597,7.52093264e-07,0.001878268,0.0005,1.194302,1.394299,0.2220308,0.005697811,1.399996,0.6304038999999193
summer_min,fs,0.0,1.4,True,,,7.038645323649048,7.039264105335394,3.8205219999999995,-2.9232299999999998,0.002054068,-0.899344,7.137295514798841,1.3934191162049452,7.4370923e-07,0.001868708,0.0005,1.230821,1.23082,0.2257155,0.1691793,1.4,0.6250947000000906
summer_min,fs,0.0,1.6,True,,,7.011423716830519,7.012030759248263,3.8122370000000005,-2.91738,0.003917739,-0.898779,7.118407902730713,1.3761276398530615,7.3398456e-07,0.001855873,0.0005,1.264516,1.064516,0.2292152,0.3354838,1.4,0.6884818999999425
summer_min,fs,27.0,1.2,True,,,6.984118521835878,6.984733751183895,3.819829,-2.93212,7.430543e-05,-0.88778,7.071748053584366,1.3338199619510227,7.33870804e-07,0.001775922,0.0005,1.197632,1.397629,0.2422812,0.002368027,1.399997,0.5933168999999907
summer_min,fs,27.0,1.4,True,,,6.956867375859912,6.95747272486906,3.807471,-2.91616,0.0020139769999999997,-0.8933209999999999,7.053152354443127,1.3208223339499938,7.2589706e-07,0.001766728,0.0005,1.234486,1.234485,0.2461938,0.1655143,1.4,0.6277849999999034
summer_min,fs,27.0,1.6,True,,,6.930916423909841,6.93151050474902,3.799443,-2.91057,0.0038301719999999997,-0.892706,7.035077798642036,1.3043958805604072,7.16620618e-07,0.001754513,0.0005,1.268561,1.068561,0.2498779,0.3314388,1.4,0.6085448000001179
summer_min,fs,125.0,1.2,True,,,6.740109089510508,6.740683091362065,3.775569,-2.9104,9.748219e-05,-0.865263,6.822367254820615,1.1234592923212186,6.8047219e-07,0.001484871,0.0005,1.208137,1.408136,0.3126716,-0.0081374,1.399998,0.6952656000000843
summer_min,fs,125.0,1.4,True,,,6.714315382644212,6.7148804590865625,3.7637849999999995,-2.89445,0.001941841,-0.871277,6.804027694460783,1.1108531754631,6.73234524e-07,0.001474804,0.0005,1.246118,1.246118,0.3173022,0.1538823,1.4,0.6461428000000069
summer_min,fs,125.0,1.6,True,,,6.69065849004387,6.6912133041754895,3.756456,-2.88945,0.0035850730000000003,-0.870589,6.786790007670064,1.0955118568435394,6.6484962e-07,0.001462661,0.0005,1.2815,1.0815,0.3215403,0.3185,1.4,0.6357179000001452
summer_max,tt,0.0,1.2,True,,,24.902713568101966,24.921756928141544,9.740648,-7.38955,0.009357998,-2.3604499999999997,24.911221063087503,3.1456398154949077,9.06488472e-06,0.005142369,0.001,1.047128,0.8471284,0.162994,0.1528716,1.0,0.5836162000000513
summer_max,tt,0.0,1.4,True,,,24.51708215958194,24.534637993861402,9.756299,-7.450290000000001,0.01518252,-2.32119,24.570965815177022,3.0150124484017704,8.57389106e-06,0.005056508,0.001,1.083245,0.6832452,0.1676195,0.3167548,1.0,0.6611253000000943
summer_max,tt,0.0,1.6,True,,,24.032342421519502,24.048061786009217,9.788910000000001,-7.51783,0.007784867,-2.2788600000000003,24.025619732125623,2.8314645578534092,7.95370458e-06,0.0049421,0.001,1.118779,0.5187791,0.1725732,0.4812209,1.0,0.6244901000000027
summer_max,tt,27.0,1.2,True,,,24.426267839757887,24.44501682681472,9.681892,-7.3424499999999995,0.009735542,-2.34918,24.437501017254167,3.004246346219664,8.84699426e-06,0.004866637,0.001,1.045057,0.8450565,0.1776904,0.1549435,1.0,0.6324081000000206
summer_max,tt,27.0,1.4,True,,,24.052820187765384,24.07009631678166,9.699908,-7.40624,0.01499784,-2.3086599999999997,24.1033559920921,2.8761143183596216,8.36502618e-06,0.004781489,0.001,1.081535,0.6815346,0.1825153,0.3184654,1.0,0.6151380000001154
summer_max,tt,27.0,1.6,True,,,23.575626813160635,23.591042484554144,9.736423,-7.47667,0.005295806,-2.26505,23.550650836208884,2.6920496754226093,7.74307946e-06,0.004667258,0.001,1.117602,0.5176019,0.1877057,0.4823981,1.0,0.6564610000000357
summer_max,tt,125.0,1.2,True,,,23.11834130278155,23.136306992870463,9.497146,-7.20294,0.01115164,-2.30536,23.13880603056865,2.624238630805613,8.25608692e-06,0.004136083,0.001,1.038238,0.8382382,0.2277046,0.1617618,1.0,0.6158026999999038
summer_max,tt,125.0,1.4,True,,,22.74607852750938,22.762531354371234,9.519412,-7.272030000000001,0.014053920000000001,-2.26144,22.784917461221674,2.492309869746723,7.76997612e-06,0.004040666,0.001,1.075651,0.6756508,0.2330768,0.3243492,1.0,0.6299372000000858
summer_max,tt,125.0,1.6,True,,,22.249288850395565,22.263687661759064,9.567412,-7.34718,-0.0064335700000000004,-2.2138,22.19174070575027,2.290608490550866,7.09972942e-06,0.003911544,0.001,1.113434,0.5134344,0.2389879,0.4865656,1.0,0.6093378000000484
summer_max,ss,0.0,1.2,True,,,26.02502100537304,26.049416657022032,10.748140000000001,-8.17815,0.002102626,-2.5721000000000003,26.33007932204726,3.2128432455893328,1.032431262e-05,0.004871695,0.001,1.113876,0.9138758,0.189839,0.08612416,1.0,0.6878953000000365
summer_max,ss,0.0,1.4,True,,,25.73022976343983,25.75321657553257,10.73672,-8.18311,0.005286262,-2.5589,26.05526558211413,3.1192752737716436,9.91886492e-06,0.004822011,0.001,1.150205,0.750205,0.1941513,0.249795,1.0,0.6112579000000551
summer_max,ss,0.0,1.6,True,,,25.34526795159638,25.36640400815168,10.743219999999999,-8.20534,-0.00159576,-2.53628,25.618134056717313,2.9782278643140216,9.37424862e-06,0.004747341,0.001,1.184778,0.5847785,0.1986343,0.4152215,1.0,0.6187890999999581
summer_max,ss,27.0,1.2,True,,,25.503311738537583,25.527123864503217,10.69385,-8.13668,0.002170876,-2.5593399999999997,25.79994073108862,3.0535382860986955,1.001691146e-05,0.004600316,0.001,1.112952,0.9129518,0.2067376,0.08704815,1.0,0.5966270999999779
summer_max,ss,27.0,1.4,True,,,25.218199154327625,25.240624926147376,10.68441,-8.14438,0.004903670000000001,-2.54493,25.530345279749245,2.9619714096252503,9.62053714e-06,0.004550979,0.001,1.14963,0.7496297,0.2112764,0.2503703,1.0,0.6751081999998405
summer_max,ss,27.0,1.6,True,,,24.84031731829663,24.860881613901977,10.69385,-8.16914,-0.0036418199999999996,-2.5210700000000004,25.104988938108825,2.821114924926659,9.07706506e-06,0.004476536,0.001,1.184692,0.5846922,0.2160037,0.4153078,1.0,0.6107428000000255
summer_max,ss,125.0,1.2,True,,,24.030698796591203,24.052802005904685,10.51575,-8.00734,0.002500426,-2.51092,24.304796362733224,2.6124269365318242,9.1407733e-06,0.003864327,0.001,1.108876,0.9088763,0.2648593,0.09112371,1.0,0.5976132999999209
summer_max,ss,125.0,1.4,True,,,23.749335902840492,23.770045373218725,10.51118,-8.02154,0.003329273,-2.49296,24.022910724086188,2.5184185508737955,8.74614194e-06,0.003807082,0.001,1.146625,0.7466248,0.2700855,0.2533752,1.0,0.6363585999999941
summer_max,ss,125.0,1.6,True,,,23.36184925697983,23.3805497590748,10.53019,-8.052290000000001,-0.012855,-2.46505,23.602674778287845,2.366216076991977,8.16942038e-06,0.00372263,0.001,1.183392,0.583392,0.2756072,0.416608,1.0,0.6314303999999993
summer_max,ff,0.0,1.2,True,,,23.44937900075033,23.46257179961706,8.86021,-6.699990000000001,0.02398358,-2.1841999999999997,23.244001759871598,2.925991351498997,7.3735649e-06,0.005356078,0.001,0.9754177,0.7754177,0.1367683,0.2245823,1.0,0.6059675999999854
summer_max,ff,0.0,1.4,True,,,22.92653183973374,22.938268383603575,8.91014,-6.82657,0.034161790000000004,-2.1177300000000003,22.80255510218969,2.7411834958914114,6.7982881e-06,0.005199865,0.001,1.013012,0.6130117,0.1420151,0.3869883,1.0,0.576153000000204
summer_max,ff,0.0,1.6,True,,,22.334091951681017,22.344231343865935,8.977744000000001,-6.94977,0.02517187,-2.05315,22.1490611368661,2.508919894673949,6.1493478e-06,0.005017978,0.001,1.051882,0.4518821,0.1477129,0.5481179,1.0,0.5657913999998527
summer_max,ff,27.0,1.2,True,,,23.05738508690131,23.070550944019267,8.799928999999999,-6.651619999999999,0.0248267,-2.17313,22.862399884239807,2.8145597569977343,7.26398834e-06,0.005084462,0.001,0.9731723,0.7731723,0.149299,0.2268277,1.0,0.5620315999999548
summer_max,ff,27.0,1.4,True,,,22.549706283229057,22.561418508223586,8.852007,-6.78054,0.03424786,-2.10572,22.428009761295453,2.6330603041894887,6.69668524e-06,0.004930266,0.001,1.011098,0.6110976,0.1547213,0.3889024,1.0,0.6122797000000446
summer_max,ff,27.0,1.6,True,,,21.964777617222587,21.97485907700822,8.924398,-6.90614,0.021777949999999997,-2.04004,21.760288225797733,2.399204784177535,6.04304614e-06,0.004748296,0.001,1.050512,0.450512,0.1606436,0.549488,1.0,0.5727037999999993
summer_max,ff,125.0,1.2,True,,,22.01953353849183,22.032787682039825,8.623859,-6.52142,0.027704279999999998,-2.13014,21.854840852211293,2.525424215545609,7.01304694e-06,0.004372265,0.001,0.9678087,0.7678087,0.1911376,0.2321913,1.0,0.5579018999999334
summer_max,ff,125.0,1.4,True,,,21.520698529373355,21.532435251496725,8.67674,-6.65036,0.03403304,-2.06041,21.402074199850794,2.3430751107889245,6.44123914e-06,0.004212962,0.001,1.006319,0.6063191,0.1969448,0.3936809,1.0,0.5627443000000767
summer_max,ff,125.0,1.6,True,,,20.913842513899322,20.92375104228999,8.761277000000002,-6.7752,0.005253417000000001,-1.99133,20.61975918271447,2.087370616693698,5.73574034e-06,0.004013797,0.001,1.047231,0.4472306,0.2034527,0.5527694,1.0,0.6405965999999808
summer_max,sf,0.0,1.2,True,,,23.05941323017212,23.072253418079324,8.367148,-6.37851,0.02361607,-2.01226,22.713358954332154,2.923862872183859,7.2914028e-06,0.005343779,0.001,0.9603515,0.7603515,0.1362291,0.2396485,1.0,0.5750006999999187
summer_max,sf,0.0,1.4,True,,,22.527446236268453,22.538856754420458,8.4159,-6.4973600000000005,0.032816979999999996,-1.9513599999999998,22.26085148927012,2.736864461483469,6.71725896e-06,0.005186367,0.001,0.9974583,0.5974583,0.141426,0.4025417,1.0,0.5336158000000069
summer_max,sf,0.0,1.6,True,,,21.904181982781417,21.91397599600743,8.482363999999999,-6.611879999999999,0.02161911,-1.8921000000000001,21.568888390295985,2.4946005644854696,6.0490118e-06,0.00499923,0.001,1.035987,0.4359871,0.1470972,0.5640129,1.0,0.5636259000000337
summer_max,sf,27.0,1.2,True,,,22.670712677729508,22.683530278367193,8.309441,-6.33233,0.02437754,-2.00149,22.337553444109616,2.813429570914016,7.18477118e-06,0.005074423,0.001,0.9580942,0.7580942,0.1485518,0.2419058,1.0,0.6429662000000462
summer_max,sf,27.0,1.4,True,,,22.151605912523486,22.162990914955014,8.360307,-6.45341,0.03282499,-1.9397199999999999,21.89000549683045,2.6289938830923827,6.61632848e-06,0.004918212,0.001,0.9955317,0.5955317,0.1539179,0.4044683,1.0,0.5803078999999798
summer_max,sf,27.0,1.6,True,,,21.532038000758767,21.541763411838108,8.431557,-6.57012,0.01799671,-1.87943,21.17974333624783,2.383851768489292,5.93931576e-06,0.004729988,0.001,1.034624,0.4346242,0.159813,0.5653758,1.0,0.5590981000000284
summer_max,sf,125.0,1.2,True,,,21.63892824307465,21.651839834255522,8.141044,-6.20811,0.02695758,-1.95989,21.34219916790967,2.5256723964782535,6.93972764e-06,0.004365631,0.001,0.952849,0.752849,0.1894146,0.247151,1.0,0.5980248999999276
summer_max,sf,125.0,1.4,True,,,21.12320307477549,21.134603738053418,8.192814,-6.32916,0.03231409,-1.89597,20.871631523833848,2.338634151153131,6.36078168e-06,0.004202788,0.001,0.9908646,0.5908646,0.1951361,0.4091354,1.0,0.6301900999999361
summer_max,sf,125.0,1.6,True,,,20.46975871506378,20.47927032375877,8.276445,-6.444470000000001,0.00048630230000000003,-1.8324599999999998,20.03382383186006,2.0676248724802675,5.61834276e-06,0.003994776,0.001,1.03153,0.4315301,0.2016093,0.5684699,1.0,0.581504300000006
summer_max,fs,0.0,1.2,True,,,26.45867277064671,26.483955742934427,11.36624,-8.64742,0.0004921115999999999,-2.71932,26.899312500080182,3.3075967443658936,1.048789022e-05,0.004916618,0.001,1.132779,0.9327793,0.1966845,0.06722067,1.0,0.5497351999999864
summer_max,fs,0.0,1.4,True,,,26.19329221628129,26.217263751837926,11.343879999999999,-8.630690000000001,0.002852848,-2.71604,26.64630456891443,3.224574345350247,1.012262672e-05,0.004878702,0.001,1.169163,0.7691627,0.2007314,0.2308373,1.0,0.6068528999999216
summer_max,fs,0.0,1.6,True,,,25.84537734617518,25.867601869752487,11.34093,-8.63616,-0.00435135,-2.70041,26.262831188578016,3.0950221163099463,9.62394202e-06,0.004816272,0.001,1.203421,0.6034207,0.2048951,0.3965793,1.0,0.6271769999998469
summer_max,fs,27.0,1.2,True,,,25.924714939390896,25.9493300975374,11.31214,-8.60689,0.0004861401,-2.70574,26.351740254344037,3.138990774331223,1.015750638e-05,0.004639256,0.001,1.132009,0.9320092,0.2142798,0.06799082,1.0,0.5604553999999098
summer_max,fs,27.0,1.4,True,,,25.668338225790023,25.691666648052617,11.291519999999998,-8.592699999999999,0.002411411,-2.7012400000000003,26.10359139214826,3.057915740340295,9.80128314e-06,0.00460165,0.001,1.168714,0.7687135,0.2185504,0.2312865,1.0,0.5610750000000735
summer_max,fs,27.0,1.6,True,,,25.327347486976095,25.34892370244201,11.29122,-8.600489999999999,-0.00636932,-2.6843600000000003,25.731592414738543,2.9286825303901733,9.30471574e-06,0.00453946,0.001,1.203421,0.6034213,0.222948,0.3965787,1.0,0.596702999999934
summer_max,fs,125.0,1.2,True,,,24.406465781738394,24.429103242364846,11.13267,-8.47847,0.0005347886,-2.6547300000000003,24.796003030991436,2.668649209596711,9.20719386e-06,0.003881857,0.001,1.128096,0.9280957,0.2752302,0.07190429,1.0,0.627752399999963
summer_max,fs,125.0,1.4,True,,,24.155579531702326,24.17693585869887,11.1167,-8.47077,0.0006081893000000001,-2.64653,24.53808930958269,2.5858651932759518,8.85542652e-06,0.003837478,0.001,1.165838,0.7658377,0.280196,0.2341623,1.0,0.5505688999999165
summer_max,fs,125.0,1.6,True,,,23.8081552407928,23.827633361207326,11.12535,-8.48449,-0.015411900000000001,-2.6254500000000003,24.173966270227705,2.4465321050952773,8.33126408e-06,0.003766582,0.001,1.202159,0.6021586,0.2853691,0.3978414,1.0,0.5402571999998145
slicer_min,tt,0.0,1.2,True,,,6.642244664073719,6.642798217698188,3.286612,-2.49998,0.002700497,-0.7893359999999999,6.636783294641119,1.4104380868751163,7.11328682e-07,0.001957892,0.0005,1.097444,1.297442,0.1807273,0.102556,1.399998,0.5869046000000253
slicer_min,tt,0.0,1.4,True,,,6.608790689740062,6.609328544320944,3.285951,-2.51253,0.006053,-0.779473,6.619289837031948,1.3817660505222158,6.96972834e-07,0.001932223,0.0005,1.132658,1.132657,0.1846875,0.2673424,1.4,0.6421232000000145
slicer_min,tt,0.0,1.6,True,,,6.575290878782794,6.575811990263664,3.287684,-2.52909,0.009323729000000001,-0.7679199999999999,6.600950698759291,1.3502819306814078,6.8154584e-07,0.001904264,0.0005,1.166372,0.9663722,0.1886695,0.4336278,1.4,0.554656199999954
slicer_min,tt,27.0,1.2,True,,,6.558974008439522,6.559517452542006,3.27136,-2.48921,0.002780332,-0.784933,6.553905391480651,1.3413248744113357,6.95643304e-07,0.001854304,0.0005,1.099101,1.299099,0.1973177,0.100899,1.399998,0.5637782999999672
slicer_min,tt,27.0,1.4,True,,,6.527576914393198,6.528105334269053,3.271156,-2.50238,0.006093296,-0.7748700000000001,6.53782940289573,1.3139949023599582,6.81971558e-07,0.00182962,0.0005,1.134676,1.134675,0.2014496,0.2653244,1.4,0.5942019999999957
slicer_min,tt,27.0,1.6,True,,,6.496353681206707,6.496865994602323,3.2734050000000003,-2.51961,0.009301021000000001,-0.7630950000000001,6.521048311420695,1.2840041000515594,6.67241494e-07,0.001802912,0.0005,1.168808,0.9688082,0.2055887,0.4311918,1.4,0.6319856000000073
slicer_min,tt,125.0,1.2,True,,,6.319917325154426,6.320431943113617,3.222729,-2.4576,0.003145424,-0.768273,6.316443448835927,1.1479467348654266,6.51121034e-07,0.00156712,0.0005,1.105236,1.305236,0.2539585,0.09476354,1.399999,0.6211124999999811
slicer_min,tt,125.0,1.4,True,,,6.290955925624784,6.291456779864497,3.223275,-2.47183,0.006342304,-0.757786,6.301020472301281,1.12154358102873,6.38565874e-07,0.001541552,0.0005,1.14182,1.14182,0.2585451,0.2581799,1.4,0.5728762000001097
slicer_min,tt,125.0,1.6,True,,,6.263209425803939,6.263695421338165,3.226597,-2.4905299999999997,0.009334834,-0.745406,6.285596709295343,1.0931374897404231,6.2507763e-07,0.001514973,0.0005000001,1.177219,0.9772191,0.2630767,0.4227809,1.4,0.6012433000000783
slicer_min,ss,0.0,1.2,True,,,6.930511902974085,6.931140628661274,3.625655,-2.7769,0.0004958899999999999,-0.849252,6.990854773355879,1.3781169541815335,7.5493993e-07,0.001854178,0.0005,1.174284,1.374281,0.2134764,0.02571564,1.399997,0.6142013000001043
slicer_min,ss,0.0,1.4,True,,,6.901806169945026,6.902423041772055,3.6166219999999996,-2.7690200000000003,0.0027616480000000002,-0.850361,6.97253262600306,1.3611511305897162,7.45064616e-07,0.001840837,0.0005,1.210564,1.210563,0.2173755,0.1894365,1.4,0.6048803999999564
slicer_min,ss,0.0,1.6,True,,,6.873659656456411,6.874263235662593,3.611222,-2.7693600000000003,0.004934607000000001,-0.8468,6.954097377319965,1.3408186937650448,7.3386204e-07,0.001824523,0.0005,1.244324,1.044324,0.2211365,0.3556764,1.4,0.5852789000000485
slicer_min,ss,27.0,1.2,True,,,6.8476919486739325,6.848307356275485,3.6121999999999996,-2.76898,0.0004971867000000001,-0.843712,6.906768956447039,1.307217016343102,7.37057584e-07,0.001753743,0.0005,1.177447,1.377444,0.2328433,0.02255294,1.399997,0.6046913000000131
slicer_min,ss,27.0,1.4,True,,,6.820269208204522,6.82087327124173,3.603481,-2.76139,0.0027319,-0.844823,6.8892927468400105,1.2910381445173174,7.27654296e-07,0.001740869,0.0005,1.21409,1.214089,0.236968,0.1859105,1.4,0.6176738999999998
slicer_min,ss,27.0,1.6,True,,,6.793615873659599,6.7942071533717785,3.598418,-2.76211,0.004854837,-0.841162,6.871839499572499,1.271672525054217,7.16958216e-07,0.001725277,0.0005,1.24826,1.04826,0.2409191,0.3517395,1.4,0.5851416999998946
slicer_min,ss,125.0,1.2,True,,,6.6046942579555985,6.605270322455219,3.56771,-2.74515,0.0005724365999999999,-0.823136,6.660481907523351,1.1044022885186795,6.84863574e-07,0.001469228,0.0005,1.187693,1.387692,0.2996785,0.01230681,1.399999,0.5910392000000684
slicer_min,ss,125.0,1.4,True,,,6.57897157239111,6.579537310918022,3.5597309999999998,-2.7379700000000002,0.002706902,-0.8244630000000001,6.643375063118543,1.0886312299783585,6.76274552e-07,0.001455389,0.0005,1.225513,1.225512,0.3044948,0.1744874,1.4,0.608303400000068
slicer_min,ss,125.0,1.6,True,,,6.554930390631375,6.555484440819265,3.5555499999999998,-2.73962,0.004650695000000001,-0.820582,6.626973394124816,1.070406720974223,6.66559316e-07,0.001439837,0.0005,1.261062,1.061062,0.309002,0.3389376,1.4,0.6262530999999854
slicer_min,ff,0.0,1.2,True,,,6.363601129877863,6.364063901522792,2.986252,-2.25318,0.007480647,-0.740556,6.306461337076527,1.4129960391405603,6.50604498e-07,0.002059939,0.0005,1.012044,1.212043,0.1483276,0.1879562,1.399999,0.5896058000000721
slicer_min,ff,0.0,1.4,True,,,6.314860526978555,6.315301984593506,2.99576,-2.2883,0.012672619999999999,-0.7201369999999999,6.282874807280875,1.3610374544016761,6.2872147e-07,0.002006862,0.0005,1.047357,1.047357,0.1526246,0.3526427,1.4,0.5632987000001322
slicer_min,ff,0.0,1.6,True,,,6.268370616890082,6.268790925996194,3.006602,-2.32416,0.017776649999999998,-0.700218,6.260048977856254,1.3093466964292484,6.06919508e-07,0.001954924,0.0005,1.082787,0.8827875,0.1570745,0.5172125,1.4,0.586239599999999
slicer_min,ff,27.0,1.2,True,,,6.282983434356262,6.283440132648564,2.969796,-2.24078,0.0076872220000000005,-0.7367,6.227624210052885,1.348167323460645,6.38296018e-07,0.00195332,0.0005,1.013234,1.213233,0.1621893,0.1867665,1.399999,0.6146810000000187
slicer_min,ff,27.0,1.4,True,,,6.237516101143351,6.2379523512085635,2.9797089999999997,-2.2764599999999997,0.012822789999999999,-0.71607,6.206354363687317,1.2987078556254772,6.17430794e-07,0.00190255,0.0005000001,1.04888,1.04888,0.166613,0.3511202,1.4,0.6100851000001057
slicer_min,ff,27.0,1.6,True,,,6.1943780450859744,6.194793910586076,2.991142,-2.31305,0.017838080000000003,-0.6959299999999999,6.185856767835842,1.249401759544697,5.96571754e-07,0.001852923,0.0005,1.084711,0.8847107,0.1711887,0.5152893,1.4,0.577470299999959
slicer_min,ff,125.0,1.2,True,,,6.060214846200727,6.060656494801609,2.92146,-2.20788,0.008439885000000001,-0.72202,6.010286043232854,1.1720218277518966,6.05505926e-07,0.001664494,0.0005,1.020112,1.220111,0.2086504,0.179888,1.399999,0.5976763999999548
slicer_min,ff,125.0,1.4,True,,,6.0192308695375285,6.019653750587521,2.93117,-2.2436599999999998,0.013434179999999999,-0.700948,5.991018263288092,1.126225911473586,5.86530838e-07,0.001615839,0.0005,1.056418,1.056418,0.2133073,0.3435822,1.4,0.6088054999997894
slicer_min,ff,125.0,1.6,True,,,5.980881798450182,5.981285670033771,2.943145,-2.2811,0.018172459999999998,-0.680219,5.972394784668878,1.0800551715489568,5.67356784e-07,0.001567951,0.0005,1.093206,0.8932057,0.2181014,0.5067942,1.4,0.5771895999998833
slicer_min,sf,0.0,1.2,True,,,6.218372346165672,6.218822869246182,2.820522,-2.14539,0.007420901999999999,-0.6825479999999999,6.12924456556357,1.4084187323774242,6.419174e-07,0.002051033,0.0005,0.9974409,1.19744,0.1477054,0.2025591,1.399999,0.5836381999999958
slicer_min,sf,0.0,1.4,True,,,6.170012734735336,6.170442796856361,2.829911,-2.17838,0.012300219999999999,-0.6638270000000001,6.105002806219864,1.3569010873353795,6.20625752e-07,0.001998355,0.0005000001,1.032251,1.032251,0.1519611,0.3677494,1.4,0.5979820000000018
slicer_min,sf,0.0,1.6,True,,,6.123508602561148,6.123918267384665,2.840449,-2.21195,0.01707638,-0.6455759999999999,6.081138753312925,1.3054530737133767,5.99312058e-07,0.001946705,0.0005,1.067226,0.8672257,0.1563717,0.5327743,1.4,0.6105417999999645
slicer_min,sf,27.0,1.2,True,,,6.138525138822172,6.13896981773317,2.804785,-2.13359,0.007608347,-0.6788080000000001,6.0517029850705875,1.3440964294065394,6.29840392e-07,0.001945279,0.0005,0.9986442,1.198643,0.1613367,0.2013558,1.399999,0.5862978000000112
slicer_min,sf,27.0,1.4,True,,,6.093217737228476,6.093642744588507,2.814577,-2.16712,0.01243399,-0.659891,6.029588469186298,1.2948639701927054,6.09488724e-07,0.001894639,0.0005000001,1.033783,1.033783,0.1657133,0.3662167,1.4,0.5787106999998741
slicer_min,sf,27.0,1.6,True,,,6.049857704588869,6.050263014933145,2.825696,-2.20139,0.01712553,-0.6414350000000001,6.007876453740763,1.2456088714189775,5.89045904e-07,0.001845054,0.0005,1.06916,0.8691595,0.170245,0.5308405,1.4,0.5881598000000849
slicer_min,sf,125.0,1.2,True,,,5.917194789323974,5.917624889642186,2.75861,-2.1022700000000003,0.008287474,-0.664626,5.837125599457417,1.1684437358409696,5.97510738e-07,0.001657474,0.0005,1.005764,1.205764,0.2067128,0.1942356,1.4,0.6293482999999469
slicer_min,sf,125.0,1.4,True,,,5.8759610921888665,5.876373048843566,2.7682439999999997,-2.13593,0.01297752,-0.645293,5.8167221694802445,1.1224536106269298,5.78888282e-07,0.001608436,0.0005,1.041545,1.041545,0.2112959,0.3584551,1.4,0.5650087999999869
slicer_min,sf,125.0,1.6,True,,,5.836979399301324,5.837372906715019,2.779921,-2.17103,0.01740375,-0.62629,5.7966046800452995,1.0759487042370317,5.59975132e-07,0.001560109,0.0005,1.077874,0.8778741,0.2160239,0.5221259,1.4,0.5728567000001021
slicer_min,fs,0.0,1.2,True,,,7.066954378897944,7.067583499289393,3.833111,-2.93931,8.566318000000001e-05,-0.893891,7.156553878059562,1.4070975623644597,7.52093264e-07,0.001878268,0.0005,1.194302,1.394299,0.2220308,0.005697811,1.399996,0.5941666999999597
slicer_min,fs,0.0,1.4,True,,,7.038645323649048,7.039264105335394,3.8205219999999995,-2.9232299999999998,0.002054068,-0.899344,7.137295514798841,1.3934191162049452,7.4370923e-07,0.001868708,0.0005,1.230821,1.23082,0.2257155,0.1691793,1.4,0.6071421999999984
slicer_min,fs,0.0,1.6,True,,,7.011423716830519,7.012030759248263,3.8122370000000005,-2.91738,0.003917739,-0.898779,7.118407902730713,1.3761276398530615,7.3398456e-07,0.001855873,0.0005,1.264516,1.064516,0.2292152,0.3354838,1.4,0.5744336999998723
slicer_min,fs,27.0,1.2,True,,,6.984118521835878,6.984733751183895,3.819829,-2.93212,7.430543e-05,-0.88778,7.071748053584366,1.3338199619510227,7.33870804e-07,0.001775922,0.0005,1.197632,1.397629,0.2422812,0.002368027,1.399997,0.5723077000000103
slicer_min,fs,27.0,1.4,True,,,6.956867375859912,6.95747272486906,3.807471,-2.91616,0.0020139769999999997,-0.8933209999999999,7.053152354443127,1.3208223339499938,7.2589706e-07,0.001766728,0.0005,1.234486,1.234485,0.2461938,0.1655143,1.4,0.5470067999999628
slicer_min,fs,27.0,1.6,True,,,6.930916423909841,6.93151050474902,3.799443,-2.91057,0.0038301719999999997,-0.892706,7.035077798642036,1.3043958805604072,7.16620618e-07,0.001754513,0.0005,1.268561,1.068561,0.2498779,0.3314388,1.4,0.562035799999876
slicer_min,fs,125.0,1.2,True,,,6.740109089510508,6.740683091362065,3.775569,-2.9104,9.748219e-05,-0.865263,6.822367254820615,1.1234592923212186,6.8047219e-07,0.001484871,0.0005,1.208137,1.408136,0.3126716,-0.0081374,1.399998,0.5743343999999979
slicer_min,fs,125.0,1.4,True,,,6.714315382644212,6.7148804590865625,3.7637849999999995,-2.89445,0.001941841,-0.871277,6.804027694460783,1.1108531754631,6.73234524e-07,0.001474804,0.0005,1.246118,1.246118,0.3173022,0.1538823,1.4,0.5386895000001459
slicer_min,fs,125.0,1.6,True,,,6.69065849004387,6.6912133041754895,3.756456,-2.88945,0.0035850730000000003,-0.870589,6.786790007670064,1.0955118568435394,6.6484962e-07,0.001462661,0.0005,1.2815,1.0815,0.3215403,0.3185,1.4,0.5353996999999708
slicer_max,tt,0.0,1.2,True,,,35.075080110748196,35.12166425329538,12.80334,-9.649280000000001,0.017108520000000002,-3.1711699999999996,35.14892597062696,3.6777838579658866,1.727112878e-05,0.006251958,0.001,1.005592,0.8055921,0.1465503,0.1944079,1.0,0.580434200000127
slicer_max,tt,0.0,1.4,True,,,34.443028339895264,34.485474071950186,12.8391,-9.75368,0.02476239,-3.11018,34.58086486080418,3.5136373338817153,1.62111344e-05,0.006152214,0.001,1.04072,0.6407203,0.1513322,0.3592797,1.0,0.5868735999999899
slicer_max,tt,0.0,1.6,True,,,33.63940015559991,33.67679991201509,12.899899999999999,-9.86509,0.01254366,-3.0473500000000002,33.66244174418468,3.2816759927402956,1.487911882e-05,0.00601569,0.001,1.07532,0.47532,0.1565238,0.52468,1.0,0.5730551999999989
slicer_max,tt,27.0,1.2,True,,,34.34407381768985,34.390021085816755,12.70928,-9.56917,0.01796542,-3.15807,34.42365033054397,3.5161991510626422,1.686307162e-05,0.005914424,0.001,1.001229,0.8012292,0.1598534,0.1987708,1.0,0.5500193999998828
slicer_max,tt,27.0,1.4,True,,,33.7301601080954,33.77200538038103,12.74804,-9.67779,0.02479142,-3.09504,33.86387129009379,3.3548630669804265,1.582180898e-05,0.005814303,0.001,1.036661,0.6366607,0.1648207,0.3633393,1.0,0.5557859000000462
slicer_max,tt,27.0,1.6,True,,,32.933289642683725,32.96999357368771,12.81475,-9.79334,0.008725416,-3.03013,32.924269826702734,3.120531177074755,1.447892736e-05,0.005676266,0.001,1.071747,0.4717469,0.1702419,0.5282531,1.0,0.5784326999998939
slicer_max,tt,125.0,1.2,True,,,32.43125294540606,32.4757813153843,12.42342,-9.33956,0.020982749999999998,-3.1048400000000003,32.53008322314109,3.103873359784484,1.58424306e-05,0.005055794,0.001,0.9869765,0.7869765,0.205185,0.2130235,1.0,0.5416244000000461
slicer_max,tt,125.0,1.4,True,,,31.809485003031995,31.849749548422835,12.46515,-9.45288,0.02420029,-3.03647,31.92709618180428,2.9361862687678753,1.478212732e-05,0.004940479,0.001,1.023045,0.6230449,0.210648,0.3769551,1.0,0.5536717999998473
slicer_max,tt,125.0,1.6,True,,,30.946057850278606,30.980452634044255,12.54826,-9.57221,-0.0108914,-2.96516,30.874576135713454,2.6694397622602692,1.328736892e-05,0.004776924,0.001,1.05959,0.4595903,0.2167766,0.5404097,1.0,0.560606099999859
slicer_max,ss,0.0,1.2,True,,,36.71037652453679,36.77164086438686,14.1583,-10.6935,0.006190495,-3.47102,37.215246998898806,3.78025441352973,1.99845975e-05,0.005900981,0.001,1.070139,0.8701391,0.1705231,0.1298609,1.0,0.5636982999999418
slicer_max,ss,0.0,1.4,True,,,36.239335188764294,36.29663466067206,14.15518,-10.725100000000001,0.01041862,-3.44046,36.771206215271725,3.663731462263065,1.9107775e-05,0.00584539,0.001,1.105418,0.7054177,0.174853,0.2945823,1.0,0.5827653000001192
slicer_max,ss,0.0,1.6,True,,,35.60782683654905,35.6599328916778,14.17697,-10.775599999999999,-0.000183645,-3.40124,36.02657132817282,3.485926078227489,1.79266475e-05,0.005757792,0.001,1.138991,0.5389914,0.1794284,0.4610086,1.0,0.5572070000000622
slicer_max,ss,27.0,1.2,True,,,35.8909949293263,35.95081898060335,14.069130000000001,-10.618500000000001,0.00654655,-3.4572200000000004,36.38360738525513,3.5936181891017362,1.93763395e-05,0.005567013,0.001,1.066688,0.8666884,0.1857017,0.1333116,1.0,0.5635480999999345
slicer_max,ss,27.0,1.4,True,,,35.43484374805761,35.490765702101925,14.06889,-10.6547,0.01011644,-3.4243300000000003,35.947182675607266,3.479380246190917,1.851904216e-05,0.005511051,0.001,1.10226,0.7022598,0.1902305,0.2977402,1.0,0.5801308000000063
slicer_max,ss,27.0,1.6,True,,,34.81194415037619,34.862620866792014,14.09539,-10.7093,-0.0031934299999999997,-3.38287,35.21745578979331,3.3007872827266374,1.733584156e-05,0.005422833,0.001,1.136275,0.5362749,0.1950315,0.4637251,1.0,0.565912199999957
slicer_max,ss,125.0,1.2,True,,,33.66471470422833,33.720568539957,13.78332,-10.3887,0.007870661,-3.40245,34.12646386282605,3.097787834427564,1.772419628e-05,0.004695288,0.001,1.054141,0.8541415,0.2379096,0.1458585,1.0,0.5604164999999739
slicer_max,ss,125.0,1.4,True,,,33.20424303921249,33.25612411291368,13.788699999999999,-10.4344,0.008561024,-3.36288,33.65848892604552,2.978293893756534,1.685957482e-05,0.004626362,0.001,1.090502,0.6905021,0.2430241,0.3094979,1.0,0.5787768999998661
slicer_max,ss,125.0,1.6,True,,,32.5413057874271,32.58736268147881,13.829649999999999,-10.4975,-0.017829,-3.3143,32.90929833861602,2.778176029993888,1.556727236e-05,0.004520667,0.001,1.12598,0.5259799,0.248559,0.4740201,1.0,0.5792928000000757
slicer_max,ff,0.0,1.2,True,,,32.904679950113525,32.93591633586451,11.611930000000001,-8.729709999999999,0.03868797,-2.92091,32.67969673616998,3.40196838669358,1.377219478e-05,0.006555793,0.001,0.9358141,0.7358141,0.1230277,0.2641859,1.0,0.5702903000001243
slicer_max,ff,0.0,1.4,True,,,32.01952076283874,32.04673727669908,11.698459999999999,-8.92376,0.05198224,-2.82668,31.909902305061966,3.1647944202675204,1.25232707e-05,0.006364171,0.001,0.9723812,0.5723812,0.1285975,0.4276188,1.0,0.542682399999876
slicer_max,ff,0.0,1.6,True,,,31.02370789180173,31.04664122783359,11.813509999999999,-9.11318,0.035652119999999995,-2.73598,30.78618831565184,2.86855931862256,1.114132998e-05,0.006139672,0.001,1.010336,0.4103362,0.1347357,0.5896638,1.0,0.5675257000000329
slicer_max,ff,27.0,1.2,True,,,32.32320902073869,32.35447902001366,11.51904,-8.65234,0.04028383,-2.90699,32.11619459849194,3.2791378631758503,1.358849724e-05,0.006226003,0.001,0.9315187,0.7315187,0.1344907,0.2684813,1.0,0.5841401999998652
slicer_max,ff,27.0,1.4,True,,,31.463385645192727,31.490642011450824,11.6074,-8.84848,0.05245456,-2.8113799999999998,31.35860369638453,3.0465748514860214,1.235799916e-05,0.006036539,0.001,0.9683537,0.5683537,0.1402399,0.4316463,1.0,0.5450158000001011
slicer_max,ff,27.0,1.6,True,,,30.472797257979632,30.495654454286715,11.72922,-9.04033,0.030104389999999998,-2.719,30.198655774594698,2.7461774469677787,1.095873458e-05,0.005809582,0.001,1.006799,0.4067992,0.1466102,0.5932008,1.0,0.5684735999998338
slicer_max,ff,125.0,1.2,True,,,30.85135416561725,30.883292997625066,11.25929,-8.45372,0.04559578,-2.85117,30.696879185011497,2.9751631891214627,1.323753588e-05,0.005383579,0.001,0.919559,0.719559,0.1729043,0.280441,1.0,0.5704931999998735
slicer_max,ff,125.0,1.4,True,,,30.015971641724104,30.043717823235063,11.34346,-8.643989999999999,0.05295864,-2.75242,29.917709123728784,2.745246823633183,1.200470628e-05,0.00519374,0.001,0.9567112,0.5567112,0.1790396,0.4432888,1.0,0.5581145000001015
slicer_max,ff,125.0,1.6,True,,,28.958600312502202,28.981262066539173,11.48172,-8.82747,0.0006151405,-2.6548599999999998,28.50108021734655,2.4069431704324034,1.045404464e-05,0.004940584,0.001,0.9963974,0.3963974,0.1860292,0.6036026,1.0,0.47514030000002094
slicer_max,sf,0.0,1.2,True,,,32.41420910621232,32.444609100906376,10.96496,-8.31212,0.03772432,-2.69056,31.978881319798948,3.400584474064723,1.362427976e-05,0.00654532,0.001,0.9205423,0.7205423,0.1226867,0.2794577,1.0,0.39506200000005265
slicer_max,sf,0.0,1.4,True,,,31.514518181365556,31.5409790275561,11.04905,-8.4944,0.04963896,-2.6042899999999998,31.19249986188976,3.1610681709799637,1.237963096e-05,0.006352687,0.001,0.9566293,0.5566293,0.1282037,0.4433707,1.0,0.42987909999988005
slicer_max,sf,0.0,1.6,True,,,30.463939585114822,30.486064159387862,11.16208,-8.67055,0.029525890000000003,-2.52105,29.998475075385247,2.8511814870764076,1.09549647e-05,0.006121032,0.001,0.99425,0.39425,0.1343109,0.60575,1.0,0.5263899999999921
slicer_max,sf,27.0,1.2,True,,,31.84086029921731,31.871310332225473,10.87604,-8.23823,0.039169999999999996,-2.6769700000000003,31.42688276953017,3.2796130351515274,1.344900586e-05,0.006219225,0.001,0.9162399,0.7162399,0.1339698,0.2837601,1.0,0.4908175000000483
slicer_max,sf,27.0,1.4,True,,,30.9621671316465,30.988667320938987,10.96196,-8.42248,0.04994918,-2.58943,30.648570976377655,3.04361804190846,1.22172209e-05,0.006027613,0.001,0.95259,0.55259,0.1396585,0.44741,1.0,0.4280822000000626
slicer_max,sf,27.0,1.6,True,,,29.908306505821297,29.930321836141406,11.081890000000001,-8.60069,0.02339865,-2.50459,29.408249721904138,2.727285995537363,1.076401914e-05,0.005791842,0.001,0.9907197,0.3907197,0.1459975,0.6092803,1.0,0.41746330000000853
slicer_max,sf,125.0,1.2,True,,,30.384515411610057,30.415655031155644,10.62758,-8.048639999999999,0.043951609999999995,-2.6229,30.030686935118382,2.978633601823588,1.311453076e-05,0.00538266,0.001,0.9043922,0.7043922,0.1715335,0.2956078,1.0,0.4773787999999968
slicer_max,sf,125.0,1.4,True,,,29.51988326495153,29.546845258226888,10.70969,-8.22709,0.04983912,-2.5324400000000002,29.22087918289773,2.742614151851958,1.18650316e-05,0.00518868,0.001,0.9410441,0.5410441,0.1775747,0.4589559,1.0,0.4705562999999984
slicer_max,sf,125.0,1.6,True,,,28.369808128421187,28.391477901528855,10.84712,-8.39566,-0.0088366,-2.44263,27.746938919543997,2.3803184230361696,1.021910192e-05,0.00492207,0.001,0.9804993,0.3804993,0.1845301,0.6195007,1.0,0.4571849999999813
slicer_max,fs,0.0,1.2,True,,,37.28561418239642,37.34954774162807,14.983360000000001,-11.3114,0.0036324800000000004,-3.67557,37.988862779516516,3.8911903370143137,2.0373791e-05,0.005935773,0.001,1.089433,0.8894329,0.1765793,0.1105671,1.0,0.4410683999999492
slicer_max,fs,0.0,1.4,True,,,36.868083794266326,36.92832139374752,14.964870000000001,-11.315399999999999,0.006795801,-3.6562200000000002,37.58734958951256,3.788423867547637,1.958531586e-05,0.005894844,0.001,1.124793,0.7247931,0.1806208,0.2752069,1.0,0.48083520000000135
slicer_max,fs,0.0,1.6,True,,,36.30337608208957,36.358698722280174,14.972930000000002,-11.3439,-0.0039762,-3.6250299999999998,36.93695738404576,3.6260338101853935,1.850493616e-05,0.00582286,0.001,1.158076,0.5580758,0.184851,0.4419242,1.0,0.4983378999997967
slicer_max,fs,27.0,1.2,True,,,36.441071973218456,36.503309195404654,14.89403,-11.2366,0.003859158,-3.66129,37.123594675367556,3.692153900125763,1.97098507e-05,0.005593912,0.001,1.086112,0.8861116,0.1923473,0.1138884,1.0,0.44723019999992175
slicer_max,fs,27.0,1.4,True,,,36.03799221730134,36.096605927067166,14.87821,-11.2452,0.006391423,-3.63944,36.72981234990599,3.5917365432643917,1.89416295e-05,0.005552776,0.001,1.121742,0.7217418,0.196583,0.2782582,1.0,0.4517794999999296
slicer_max,fs,27.0,1.6,True,,,35.48283112790705,35.536500466548816,14.890569999999999,-11.277800000000001,-0.00690598,-3.60591,36.095264673284795,3.4290128770239514,1.786303906e-05,0.005480452,0.001,1.15543,0.5554302,0.2010265,0.4445698,1.0,0.47716769999988173
slicer_max,fs,125.0,1.2,True,,,34.11893310786811,34.176368943731106,14.603209999999999,-11.0026,0.004719568,-3.6052999999999997,34.746780120964466,3.156880905220733,1.78746559e-05,0.004692737,0.001,1.073543,0.8735435,0.246945,0.1264565,1.0,0.4762092000000848
slicer_max,fs,125.0,1.4,True,,,33.716717372306036,33.770510851803415,14.5933,-11.021799999999999,0.004474456999999999,-3.57602,34.327998547529624,3.052505174341975,1.710811464e-05,0.004640459,0.001,1.10996,0.7099603,0.2517651,0.2900397,1.0,0.4396523000000343
slicer_max,fs,125.0,1.6,True,,,33.13260943651011,33.18097649639178,14.619489999999999,-11.0637,-0.0209977,-3.53484,33.68457244074646,2.871213159292871,1.594156054e-05,0.004553289,0.001,1.145044,0.5450438,0.2569147,0.4549562,1.0,0.4242251999999098
