corner,process,vdd_scale,temp_c,i_side_a,w_tail,l_tail,nf_tail,nf_ref,ok,fail_reason,i_tail_meas_a,i_ref_meas_a,mirror_err,v_src_dc,vds_tail,vdsat_tail,tail_margin_v,gm_tail,vgs_tail,vth_tail,v_bias_dc,gm_in,peaking_db,f_pk_hz,vn_in_vrms,i_supply_a,power_measured_w
tt_vdd1.00_t27,tt,1.0,27.0,0.00075,25.0,0.5,8,1,True,,0.000702361,9.375003e-05,-0.06351866666666672,0.4221295,0.4221295,0.2668782,0.15525129999999998,0.003567937,0.9779923,0.6320819,0.9779923,0.008692575,3.639436,3630781000.0,0.0003638891,0.00149847,0.002697246
ss_vdd0.95_t125,ss,0.95,125.0,0.00075,25.0,0.5,8,1,True,,0.0006853812,9.375e-05,-0.08615840000000008,0.4144808,0.4144808,0.3701657,0.044315099999999996,0.002598942,1.030438,0.5646717,1.030438,0.006785224,2.936045,3311311000.0,0.0004273799,0.00146451,0.0025043121
ff_vdd1.05_t0,ff,1.05,0.0,0.00075,25.0,0.5,8,1,True,,0.0007109014,9.375e-05,-0.05213146666666668,0.4633119,0.4633119,0.2323393,0.2309726,0.004058505,0.9379886,0.63346,0.9379886,0.01065797,4.0718571,3981072000.0,0.0003373783,0.00151556,0.0028644084000000003
tt_vdd1.00_t27,tt,1.0,27.0,0.00075,38.55527063519852,0.5,8,1,True,,0.0007076508,9.375e-05,-0.056465600000000005,0.4215124,0.4215124,0.2190327,0.2024797,0.004714726,0.8950795,0.6294321,0.8950795,0.008731292,3.76262,3630781000.0,0.0003829251,0.00150905,0.00271629
ss_vdd0.95_t125,ss,0.95,125.0,0.00075,38.55527063519852,0.5,8,1,True,,0.000699856,9.375e-05,-0.06685866666666673,0.4124804,0.4124804,0.3024585,0.1100219,0.003614393,0.9263504,0.5604738,0.9263504,0.006868415,3.207767,3311311000.0,0.00045005,0.00149346,0.0025538166
ff_vdd1.05_t0,ff,1.05,0.0,0.00075,38.55527063519852,0.5,8,1,True,,0.0007141267,9.375e-05,-0.0478310666666667,0.4629778,0.4629778,0.1920327,0.2709451,0.00530686,0.8652506,0.6326677,0.8652506,0.01068599,4.1541964,3981072000.0,0.0003558538,0.00152201,0.0028765989000000005
tt_vdd1.00_t27,tt,1.0,27.0,0.00075,59.46035575013605,0.5,8,1,True,,0.0007077422,9.375e-05,-0.05634373333333342,0.4215018,0.4215018,0.1796242,0.24187759999999997,0.006067611,0.8298044,0.6218299,0.8298044,0.008731959,3.856795,3630781000.0,0.0004031927,0.00150924,0.002716632
ss_vdd0.95_t125,ss,0.95,125.0,0.00075,59.46035575013605,0.5,8,1,True,,0.0007040159,9.375e-05,-0.06131213333333341,0.4119095,0.4119095,0.2464326,0.16547689999999998,0.004794128,0.846901,0.5516239,0.846901,0.006892054,3.368385,3311311000.0,0.0004738512,0.00150178,0.0025680438
ff_vdd1.05_t0,ff,1.05,0.0,0.00075,59.46035575013605,0.5,8,1,True,,0.0007138747,9.375e-05,-0.0481670666666667,0.463004,0.463004,0.1580981,0.30490590000000006,0.006763642,0.8062434,0.6260857,0.8062434,0.01068379,4.2281261,3981072000.0,0.000375242,0.0015215,0.0028756350000000005
tt_vdd1.00_t27,tt,1.0,27.0,0.00075,91.70040432046711,0.5,8,1,True,,0.0007096893,9.375e-05,-0.053747600000000006,0.4212752,0.4212752,0.1487629,0.27251230000000004,0.00770296,0.7737646,0.6080303,0.7737646,0.008746154,4.005333,3630781000.0,0.0004257255,0.00151313,0.002723634
ss_vdd0.95_t125,ss,0.95,125.0,0.00075,91.70040432046711,0.5,8,1,True,,0.0007092147,9.375e-05,-0.054380399999999995,0.4111984,0.4111984,0.2011117,0.21008670000000002,0.006088558,0.7760374,0.5301334,0.7760374,0.006921433,3.5498260000000004,3162278000.0,0.0004953409,0.00151218,0.0025858277999999996
ff_vdd1.05_t0,ff,1.05,0.0,0.00075,91.70040432046711,0.5,8,1,True,,0.0007150978,9.375e-05,-0.04653626666666666,0.4628775,0.4628775,0.1312688,0.3316087,0.008574824,0.7563604,0.6160122,0.7563604,0.01069438,4.3570844,3981072000.0,0.0003980548,0.00152395,0.0028802655
tt_vdd1.00_t27,tt,1.0,27.0,0.00075,141.42135623730948,0.5,8,1,True,,0.0007115127,9.375e-05,-0.05131640000000004,0.4210633,0.4210633,0.1245742,0.29648909999999995,0.009478157,0.7318576,0.5992351,0.7318576,0.008759419,4.214783000000001,3630781000.0,0.0004441176,0.00151678,0.002730204
ss_vdd0.95_t125,ss,0.95,125.0,0.00075,141.42135623730948,0.5,8,1,True,,0.0007134088,9.375e-05,-0.04878826666666669,0.4106268,0.4106268,0.1664558,0.24417100000000003,0.007430041,0.72232,0.5163955,0.72232,0.006944995,3.782464,3162278000.0,0.000510294,0.00152057,0.0026001747
ff_vdd1.05_t0,ff,1.05,0.0,0.00075,141.42135623730948,0.5,8,1,True,,0.0007165294,9.375e-05,-0.044627466666666726,0.4627296,0.4627296,0.1102226,0.352507,0.01054494,0.719271,0.6096406,0.719271,0.01070676,4.5505883,3981072000.0,0.0004170692,0.00152681,0.0028856709
tt_vdd1.00_t27,tt,1.0,27.0,0.00075,218.1015465330515,0.5,8,1,True,,0.0007136714,9.375e-05,-0.048438133333333466,0.4208128,0.4208128,0.1054542,0.3153586,0.01120346,0.6989707,0.5936821,0.6989707,0.008775089,4.516013,3467369000.0,0.000452786,0.00152109,0.002737962
ss_vdd0.95_t125,ss,0.95,125.0,0.00075,218.1015465330515,0.5,8,1,True,,0.0007172584,9.375e-05,-0.04365546666666664,0.4101036,0.4101036,0.1396861,0.2704175,0.008704219,0.679409,0.5076439,0.679409,0.006966518,4.093749,3162278000.0,0.0005144024,0.00152827,0.0026133416999999997
ff_vdd1.05_t0,ff,1.05,0.0,0.00075,218.1015465330515,0.5,8,1,True,,0.0007185169,9.375e-05,-0.041977466666666685,0.4625244,0.4625244,0.09356529,0.36895911000000003,0.01246122,0.690263,0.6056831,0.690263,0.01072391,4.8383624,3801894000.0,0.0004268436,0.00153079,0.0028931931
tt_vdd1.00_t27,tt,1.0,27.0,0.00075,336.35856610148574,0.5,8,1,True,,0.0007159755,9.375e-05,-0.045365999999999906,0.4205458,0.4205458,0.09025825,0.33028755000000004,0.01274537,0.6716516,0.5901875,0.6716516,0.008791774,4.925245,3311311000.0,0.000448972,0.0015257,0.0027462600000000004
ss_vdd0.95_t125,ss,0.95,125.0,0.00075,336.35856610148574,0.5,8,1,True,,0.0007208077,9.375113e-05,-0.03892306666666667,0.4096236,0.4096236,0.1188326,0.29079099999999997,0.009834205,0.6433012,0.5020722,0.6433012,0.006986227,4.506291,3019952000.0,0.000506109,0.00153535,0.0026254485
ff_vdd1.05_t0,ff,1.05,0.0,0.00075,336.35856610148574,0.5,8,1,True,,0.0007207819,9.375e-05,-0.038957466666666773,0.4622905,0.4622905,0.08032193,0.38196857,0.01417126,0.6661477,0.6032435,0.6661477,0.01074343,5.238657900000001,3630781000.0,0.0004245692,0.00153532,0.0029017548
tt_vdd1.00_t27,tt,1.0,27.0,0.00075,518.7358218604037,0.5,8,1,True,,0.0007181545,9.375e-05,-0.0424606666666667,0.4202936,0.4202936,0.0781827,0.3421109,0.01403213,0.6477728,0.5879836,0.6477728,0.00880752,5.451288,3162278000.0,0.0004326441,0.00153006,0.002754108
ss_vdd0.95_t125,ss,0.95,125.0,0.00075,518.7358218604037,0.5,8,1,True,,0.0007239888,9.375e-05,-0.03468159999999998,0.4091923,0.4091923,0.1024974,0.3066949,0.01077592,0.6115289,0.4985178,0.6115289,0.007003908,5.022346,2884032000.0,0.0004860904,0.00154173,0.0026363583
ff_vdd1.05_t0,ff,1.05,0.0,0.00075,518.7358218604037,0.5,8,1,True,,0.0007229985,9.375e-05,-0.03600199999999998,0.4620626,0.4620626,0.06981011,0.39225249,0.01559573,0.6449881,0.6017362,0.6449881,0.01076242,5.7635762,3467369000.0,0.0004100696,0.00153975,0.0029101275000000004
tt_vdd1.00_t27,tt,1.0,27.0,0.00075,799.9999999999997,0.5,8,1,True,,0.0007201094,9.375e-05,-0.03985413333333343,0.4200678,0.4200678,0.06864773,0.35142007,0.01504298,0.626047,0.5865867,0.626047,0.008821602,6.0772569999999995,2884032000.0,0.0004059809,0.00153397,0.002761146
ss_vdd0.95_t125,ss,0.95,125.0,0.00075,799.9999999999997,0.5,8,1,True,,0.0007268875,9.375001e-05,-0.030816666666666714,0.4088012,0.4088012,0.08969971,0.31910149,0.01151541,0.5825551,0.4962429,0.5825551,0.007019918,5.62823,2630268000.0,0.0004568742,0.00154753,0.0026462763
ff_vdd1.05_t0,ff,1.05,0.0,0.00075,799.9999999999997,0.5,8,1,True,,0.0007250362,9.375e-05,-0.03328506666666664,0.461853,0.461853,0.06153314,0.40031986,0.01671575,0.6256409,0.6007978,0.6256409,0.01077986,6.4014904,3311311000.0,0.0003852519,0.00154383,0.0029178387
tt_vdd1.00_t27,tt,1.0,27.0,0.00075,25.0,0.75,8,1,True,,0.0006923564,9.375e-05,-0.07685813333333336,0.4233029,0.4233029,0.3234514,0.09985149999999998,0.002792442,1.03226,0.6111452,1.03226,0.008618713,3.5280769999999997,3630781000.0,0.0003487824,0.00147846,0.0026612280000000003
ss_vdd0.95_t125,ss,0.95,125.0,0.00075,25.0,0.75,8,1,True,,0.0006566497,9.375e-05,-0.12446706666666674,0.4185183,0.4185183,0.44116,-0.022641699999999987,0.001835862,1.110203,0.5458777,1.110203,0.006615679,2.671006,3162278000.0,0.0004092949,0.00140705,0.0024060555
ff_vdd1.05_t0,ff,1.05,0.0,0.00075,25.0,0.75,8,1,True,,0.000706972,9.375e-05,-0.05737066666666657,0.4637197,0.4637197,0.2840341,0.1796856,0.003253824,0.9862731,0.6139666,0.9862731,0.01062371,4.0293877,3981072000.0,0.0003238866,0.0015077,0.0028495530000000003
tt_vdd1.00_t27,tt,1.0,27.0,0.00075,38.55527063519852,0.75,8,1,True,,0.0007146661,9.375e-05,-0.04711186666666667,0.4206973,0.4206973,0.2686216,0.15207569999999998,0.003779183,0.9425948,0.6043589,0.9425948,0.008782306,3.811096,3630781000.0,0.0003658466,0.00152308,0.0027415440000000003
ss_vdd0.95_t125,ss,0.95,125.0,0.00075,38.55527063519852,0.75,8,1,True,,0.000699523,9.375e-05,-0.06730266666666673,0.4125262,0.4125262,0.3614641,0.0510621,0.002765897,0.9870054,0.5345399,0.9870054,0.006866518,3.13783,3311311000.0,0.0004284068,0.0014928,0.002552688
ff_vdd1.05_t0,ff,1.05,0.0,0.00075,38.55527063519852,0.75,8,1,True,,0.0007223347,9.375e-05,-0.036887066666666746,0.4621302,0.4621302,0.237959,0.2241712,0.004282421,0.9090896,0.6095041,0.9090896,0.0107568,4.2260906,3981072000.0,0.0003397589,0.00153842,0.0029076138
tt_vdd1.00_t27,tt,1.0,27.0,0.00075,59.46035575013605,0.75,8,1,True,,0.000718636,9.375e-05,-0.04181866666666667,0.4202372,0.4202372,0.2253734,0.19486379999999998,0.004987245,0.8617077,0.5985053,0.8617077,0.008811045,3.9561840000000004,3630781000.0,0.0003866815,0.00153102,0.002755836
ss_vdd0.95_t125,ss,0.95,125.0,0.00075,59.46035575013605,0.75,8,1,True,,0.0007115224,9.375e-05,-0.05130346666666663,0.4108837,0.4108837,0.3002284,0.11065530000000001,0.003847681,0.8872004,0.5275972,0.8872004,0.006934411,3.4260710000000003,3311311000.0,0.0004522588,0.0015168,0.002593728
ff_vdd1.05_t0,ff,1.05,0.0,0.00075,59.46035575013605,0.75,8,1,True,,0.0007246153,9.375e-05,-0.03384626666666679,0.4618959,0.4618959,0.2010017,0.2608942,0.005592228,0.8354967,0.6041182,0.8354967,0.0107763,4.3342333,3981072000.0,0.000360659,0.00154299,0.0029162511
tt_vdd1.00_t27,tt,1.0,27.0,0.00075,91.70040432046711,0.75,8,1,True,,0.0007221023,9.375e-05,-0.037196933333333404,0.4198378,0.4198378,0.1851376,0.23470019999999997,0.006393138,0.7961571,0.5857097,0.7961571,0.008835933,4.126626,3630781000.0,0.0004079026,0.00153796,0.0027683280000000005
ss_vdd0.95_t125,ss,0.95,125.0,0.00075,91.70040432046711,0.75,8,1,True,,0.0007183239,9.375e-05,-0.04223480000000002,0.4099587,0.4099587,0.2435444,0.16641430000000001,0.005013762,0.8063455,0.5086404,0.8063455,0.006972474,3.6491629999999997,3162278000.0,0.000474787,0.0015304,0.0026169839999999997
ff_vdd1.05_t0,ff,1.05,0.0,0.00075,91.70040432046711,0.75,8,1,True,,0.000727288,9.375e-05,-0.03028266666666668,0.4616216,0.4616216,0.1654976,0.29612400000000005,0.007124469,0.7762955,0.5938116,0.7762955,0.01079908,4.4846807,3981072000.0,0.0003817447,0.00154833,0.0029263437000000003
tt_vdd1.00_t27,tt,1.0,27.0,0.00075,141.42135623730948,0.75,8,1,True,,0.0007243905,9.375e-05,-0.03414600000000012,0.4195741,0.4195741,0.1534844,0.2660897,0.008036936,0.7462365,0.5774241,0.7462365,0.00885235,4.3498920000000005,3630781000.0,0.000428132,0.00154253,0.002776554
ss_vdd0.95_t125,ss,0.95,125.0,0.00075,141.42135623730948,0.75,8,1,True,,0.0007227115,9.375e-05,-0.03638466666666673,0.4093649,0.4093649,0.2004735,0.20889139999999998,0.006308636,0.7447768,0.496419,0.7447768,0.006996836,3.899043,3162278000.0,0.0004936786,0.00153917,0.0026319807
ff_vdd1.05_t0,ff,1.05,0.0,0.00075,141.42135623730948,0.75,8,1,True,,0.0007290722,9.375e-05,-0.027903733333333403,0.4614386,0.4614386,0.1372809,0.3241577,0.008920352,0.7310112,0.5871069,0.7310112,0.01081427,4.6921883,3981072000.0,0.0004020972,0.0015519,0.002933091
tt_vdd1.00_t27,tt,1.0,27.0,0.00075,218.1015465330515,0.75,8,1,True,,0.0007260484,9.375e-05,-0.03193546666666669,0.4193833,0.4193833,0.1283658,0.29101750000000004,0.009770709,0.7071746,0.5720611,0.7071746,0.008864218,4.655308,3467369000.0,0.0004416272,0.00154585,0.00278253
ss_vdd0.95_t125,ss,0.95,125.0,0.00075,218.1015465330515,0.75,8,1,True,,0.0007259514,9.375074e-05,-0.032064800000000004,0.4089281,0.4089281,0.1670559,0.2418722,0.007634824,0.6959425,0.488528,0.6959425,0.007014725,4.216341,3162278000.0,0.0005039272,0.00154564,0.0026430444
ff_vdd1.05_t0,ff,1.05,0.0,0.00075,218.1015465330515,0.75,8,1,True,,0.0007304183,9.375e-05,-0.026108933333333306,0.4613006,0.4613006,0.1148595,0.3464411,0.01081906,0.6955728,0.5827563,0.6955728,0.01082571,4.9828988999999995,3801894000.0,0.00041618,0.00155459,0.0029381751000000004
tt_vdd1.00_t27,tt,1.0,27.0,0.00075,336.35856610148574,0.75,8,1,True,,0.0007272761,9.375e-05,-0.030298533333333322,0.4192422,0.4192422,0.1083285,0.3109137,0.01144614,0.6753221,0.5685882,0.6753221,0.008872993,5.061132,3311311000.0,0.000443901,0.0015483,0.0027869400000000003
ss_vdd0.95_t125,ss,0.95,125.0,0.00075,336.35856610148574,0.75,8,1,True,,0.0007284868,9.375015e-05,-0.02868426666666668,0.4085858,0.4085858,0.1407962,0.26778959999999996,0.008895228,0.6555095,0.4834259,0.6555095,0.007028722,4.627123,3019952000.0,0.0005021255,0.00155072,0.0026517312
ff_vdd1.05_t0,ff,1.05,0.0,0.00075,336.35856610148574,0.75,8,1,True,,0.0007314711,9.375e-05,-0.024705200000000094,0.4611927,0.4611927,0.09700306,0.36418964,0.0126585,0.6666913,0.5799346,0.6666913,0.01083464,5.377419,3630781000.0,0.0004196136,0.0015567,0.0029421630000000002
tt_vdd1.00_t27,tt,1.0,27.0,0.00075,518.7358218604037,0.75,8,1,True,,0.0007282432,9.375e-05,-0.029009066666666694,0.4191309,0.4191309,0.09233736,0.32679354,0.01295306,0.6482213,0.5663382,0.6482213,0.008879909,5.577561,3162278000.0,0.0004331631,0.00155024,0.0027904320000000002
ss_vdd0.95_t125,ss,0.95,125.0,0.00075,518.7358218604037,0.75,8,1,True,,0.0007306124,9.375e-05,-0.025850133333333414,0.4082997,0.4082997,0.1200096,0.2882901,0.01001721,0.6206781,0.4801237,0.6206781,0.00704041,5.134889,2884032000.0,0.0004874988,0.00155497,0.0026589987
ff_vdd1.05_t0,ff,1.05,0.0,0.00075,518.7358218604037,0.75,8,1,True,,0.0007323672,9.375e-05,-0.023510400000000042,0.4611009,0.4611009,0.08279241,0.37830849,0.01431715,0.642124,0.5781048,0.642124,0.01084224,5.8901487,3467369000.0,0.0004104995,0.00155849,0.0029455461000000003
tt_vdd1.00_t27,tt,1.0,27.0,0.00075,799.9999999999997,0.75,8,1,True,,0.0007291001,9.375034e-05,-0.027866533333333332,0.4190324,0.4190324,0.07962459,0.33940781000000003,0.01422603,0.6242683,0.5648802,0.6242683,0.008886037,6.189839,2884032000.0,0.0004104458,0.00155195,0.0027935100000000004
ss_vdd0.95_t125,ss,0.95,125.0,0.00075,799.9999999999997,0.75,8,1,True,,0.0007325309,9.375006e-05,-0.023292133333333354,0.4080419,0.4080419,0.1035205,0.3045214,0.01095678,0.5896117,0.4779851,0.5896117,0.007050927,5.728394,2630268000.0,0.0004617947,0.00155881,0.0026655651
ff_vdd1.05_t0,ff,1.05,0.0,0.00075,799.9999999999997,0.75,8,1,True,,0.0007332309,9.375008e-05,-0.022358800000000123,0.4610119,0.4610119,0.0715339,0.389478,0.01572303,0.6204069,0.5769182,0.6204069,0.01084962,6.5118670000000005,3311311000.0,0.0003895549,0.00156022,0.0029488158000000003
tt_vdd1.00_t27,tt,1.0,27.0,0.00075,25.0,1.0,8,1,True,,0.000681465,9.375e-05,-0.09138000000000002,0.4245899,0.4245899,0.3744337,0.05015620000000004,0.002291663,1.088469,0.6009923,1.088469,0.008537373,3.434083,3630781000.0,0.0003385789,0.00145668,0.0026220239999999997
ss_vdd0.95_t125,ss,0.95,125.0,0.00075,25.0,1.0,8,1,True,,0.000629421,9.375e-05,-0.16077200000000003,0.422433,0.422433,0.4989533,-0.07652029999999999,0.001388945,1.191726,0.5365975,1.191726,0.006449386,2.578763,3019952000.0,0.0003998666,0.00135259,0.0023129289
ff_vdd1.05_t0,ff,1.05,0.0,0.00075,25.0,1.0,8,1,True,,0.0007016125,9.375e-05,-0.06451666666666678,0.4642775,0.4642775,0.3317957,0.13248179999999998,0.002750091,1.03642,0.6046439,1.03642,0.01057669,3.9982211000000003,3981072000.0,0.0003158463,0.00149698,0.0028292922000000002
tt_vdd1.00_t27,tt,1.0,27.0,0.00075,38.55527063519852,1.0,8,1,True,,0.0007133162,9.375e-05,-0.04891173333333332,0.420854,0.420854,0.3121729,0.10868110000000003,0.003217876,0.9863087,0.5901763,0.9863087,0.008772513,3.809336,3630781000.0,0.0003553059,0.00152038,0.002736684
ss_vdd0.95_t125,ss,0.95,125.0,0.00075,38.55527063519852,1.0,8,1,True,,0.0006893097,9.375e-05,-0.08092040000000011,0.4139357,0.4139357,0.4126038,0.001331899999999997,0.002219228,1.043184,0.519759,1.043184,0.006807948,3.025664,3162278000.0,0.0004135741,0.00147237,0.0025177527
ff_vdd1.05_t0,ff,1.05,0.0,0.00075,38.55527063519852,1.0,8,1,True,,0.0007224572,9.375e-05,-0.03672373333333334,0.4621183,0.4621183,0.278365,0.1837533,0.003685392,0.9488524,0.5963493,0.9488524,0.01075778,4.2447561,3981072000.0,0.0003306623,0.00153867,0.0029080863000000004
tt_vdd1.00_t27,tt,1.0,27.0,0.00075,59.46035575013605,1.0,8,1,True,,0.0007216568,9.375e-05,-0.037790933333333276,0.4198891,0.4198891,0.2640925,0.1557966,0.004293425,0.8930519,0.5853225,0.8930519,0.008832739,4.008031,3630781000.0,0.0003737126,0.00153707,0.002766726
ss_vdd0.95_t125,ss,0.95,125.0,0.00075,59.46035575013605,1.0,8,1,True,,0.0007111396,9.375e-05,-0.05181386666666665,0.4109359,0.4109359,0.3463368,0.06459910000000002,0.003216701,0.9268154,0.5138886,0.9268154,0.00693226,3.436747,3162278000.0,0.0004345136,0.00151603,0.0025924113
ff_vdd1.05_t0,ff,1.05,0.0,0.00075,59.46035575013605,1.0,8,1,True,,0.000727742,9.375e-05,-0.029677333333333444,0.4615742,0.4615742,0.2370987,0.2244755,0.004842803,0.8639542,0.591735,0.8639542,0.01080304,4.3828391,3981072000.0,0.0003491532,0.00154924,0.0029280636
tt_vdd1.00_t27,tt,1.0,27.0,0.00075,91.70040432046711,1.0,8,1,True,,0.0007254376,9.375e-05,-0.03274986666666668,0.4194536,0.4194536,0.2155313,0.20392229999999997,0.005516641,0.8198671,0.5734187,0.8198671,0.008859848,4.186892,3630781000.0,0.0003929126,0.00154463,0.002780334
ss_vdd0.95_t125,ss,0.95,125.0,0.00075,91.70040432046711,1.0,8,1,True,,0.0007200692,9.375e-05,-0.039907733333333306,0.4097225,0.4097225,0.2799846,0.12973790000000002,0.004273314,0.8371644,0.4965917,0.8371644,0.00698217,3.7110320000000003,3162278000.0,0.0004571573,0.00153389,0.0026229519
ff_vdd1.05_t0,ff,1.05,0.0,0.00075,91.70040432046711,1.0,8,1,True,,0.0007303241,9.375e-05,-0.026234533333333365,0.4613102,0.4613102,0.1938086,0.2675016,0.006162443,0.7976718,0.5817196,0.7976718,0.01082491,4.535885,3981072000.0,0.0003677176,0.0015544,0.002937816
tt_vdd1.00_t27,tt,1.0,27.0,0.00075,141.42135623730948,1.0,8,1,True,,0.0007280322,9.375e-05,-0.02929039999999994,0.4191553,0.4191553,0.1774968,0.2416585,0.007008668,0.7636049,0.5657261,0.7636049,0.008878391,4.414546,3630781000.0,0.0004126328,0.00154982,0.002789676
ss_vdd0.95_t125,ss,0.95,125.0,0.00075,141.42135623730948,1.0,8,1,True,,0.0007251944,9.375e-05,-0.03307413333333331,0.4090295,0.4090295,0.2296826,0.1793469,0.005487104,0.7685366,0.4854538,0.7685366,0.007010577,3.973868,3162278000.0,0.0004773932,0.00154414,0.0026404794
ff_vdd1.05_t0,ff,1.05,0.0,0.00075,141.42135623730948,1.0,8,1,True,,0.0007322635,9.375e-05,-0.02364866666666665,0.4611116,0.4611116,0.1595047,0.3016069,0.007779989,0.7463293,0.5752245,0.7463293,0.01084136,4.746905,3981072000.0,0.0003872545,0.00155828,0.0029451492000000003
tt_vdd1.00_t27,tt,1.0,27.0,0.00075,218.1015465330515,1.0,8,1,True,,0.0007299222,9.375e-05,-0.026770399999999972,0.4189384,0.4189384,0.1473836,0.2715548,0.008672503,0.7196909,0.5607491,0.7196909,0.008891865,4.723179,3467369000.0,0.0004280966,0.0015536,0.00279648
ss_vdd0.95_t125,ss,0.95,125.0,0.00075,218.1015465330515,1.0,8,1,True,,0.0007287259,9.375001e-05,-0.028365466666666617,0.4085535,0.4085535,0.190584,0.2179695,0.006797828,0.714427,0.4782642,0.714427,0.007030044,4.294595,3162278000.0,0.0004910476,0.0015512,0.002652552
ff_vdd1.05_t0,ff,1.05,0.0,0.00075,218.1015465330515,1.0,8,1,True,,0.0007337639,9.375e-05,-0.021648133333333375,0.460958,0.460958,0.1323412,0.3286168,0.009587297,0.7061889,0.5710126,0.7061889,0.01085405,5.040862,3801894000.0,0.0004029817,0.00156128,0.0029508192
tt_vdd1.00_t27,tt,1.0,27.0,0.00075,336.35856610148574,1.0,8,1,True,,0.0007313066,9.375e-05,-0.024924533333333332,0.4187796,0.4187796,0.1233841,0.2953955,0.01037303,0.6842988,0.5575266,0.6842988,0.008901718,5.130268,3311311000.0,0.0004342452,0.00155636,0.002801448
ss_vdd0.95_t125,ss,0.95,125.0,0.00075,336.35856610148574,1.0,8,1,True,,0.0007313615,9.375e-05,-0.024851333333333336,0.408199,0.408199,0.1597402,0.24845879999999998,0.008108405,0.6702002,0.473616,0.6702002,0.00704452,4.705301,3019952000.0,0.0004938584,0.00155647,0.0026615637
ff_vdd1.05_t0,ff,1.05,0.0,0.00075,336.35856610148574,1.0,8,1,True,,0.0007349208,9.375e-05,-0.020105600000000057,0.4608397,0.4608397,0.1107591,0.3500806,0.01144016,0.6738441,0.5682814,0.6738441,0.01086383,5.437182,3630781000.0,0.0004099995,0.0015636,0.0029552040000000003
tt_vdd1.00_t27,tt,1.0,27.0,0.00075,518.7358218604037,1.0,8,1,True,,0.0007323547,9.375e-05,-0.023527066666666707,0.4186595,0.4186595,0.104218,0.31444150000000004,0.01198651,0.6546738,0.5554389,0.6546738,0.008909166,5.6447140000000005,3162278000.0,0.0004280388,0.00155846,0.002805228
ss_vdd0.95_t125,ss,0.95,125.0,0.00075,518.7358218604037,1.0,8,1,True,,0.0007334549,9.375e-05,-0.022060133333333343,0.4079179,0.4079179,0.1351993,0.27271860000000003,0.009330996,0.6326891,0.4706077,0.6326891,0.007055986,5.209225,2754229000.0,0.00048385,0.00156066,0.0026687285999999998
ff_vdd1.05_t0,ff,1.05,0.0,0.00075,518.7358218604037,1.0,8,1,True,,0.0007358545,9.375e-05,-0.018860666666666637,0.4607443,0.4607443,0.09358942,0.36715487999999996,0.01320495,0.6467896,0.5665104,0.6467896,0.01087171,5.9489779,3467369000.0,0.0004052267,0.00156546,0.0029587194000000004
tt_vdd1.00_t27,tt,1.0,27.0,0.00075,799.9999999999997,1.0,8,1,True,,0.0007332084,9.375e-05,-0.022388800000000098,0.4185618,0.4185618,0.08893997,0.32962183,0.01342147,0.6289457,0.5540861,0.6289457,0.008915227,6.253279,2884032000.0,0.0004093269,0.00156017,0.002808306
ss_vdd0.95_t125,ss,0.95,125.0,0.00075,799.9999999999997,1.0,8,1,True,,0.0007352335,9.375003e-05,-0.019688666666666688,0.4076794,0.4076794,0.1156116,0.29206780000000004,0.0104021,0.599758,0.4686594,0.599758,0.007065703,5.794993,2630268000.0,0.0004618374,0.00156422,0.0026748162
ff_vdd1.05_t0,ff,1.05,0.0,0.00075,799.9999999999997,1.0,8,1,True,,0.0007366778,9.375e-05,-0.01776293333333334,0.4606602,0.4606602,0.07995577,0.38070443000000004,0.01478157,0.6233125,0.565362,0.6233125,0.01087865,6.5680685,3311311000.0,0.0003882133,0.00156711,0.0029618379000000005
tt_vdd1.00_t27,tt,1.0,27.0,0.0015,25.0,0.5,8,1,True,,0.001307185,0.0001875,-0.12854333333333334,0.3608195,0.3608195,0.3544133,0.0064062000000000285,0.003964607,1.142052,0.6322764,1.142052,0.01195473,2.7359912,4168694000.0,0.0003273253,0.00280187,0.0050433660000000005
ss_vdd0.95_t125,ss,0.95,125.0,0.0015,25.0,0.5,8,1,True,,0.001158287,0.0001875,-0.22780866666666666,0.356862,0.356862,0.4985355,-0.1416735,0.002318386,1.240914,0.5648266,1.240914,0.008885056,1.6244702000000002,3311311000.0,0.0003599811,0.00250407,0.0042819597
ff_vdd1.05_t0,ff,1.05,0.0,0.0015,25.0,0.5,8,1,True,,0.001368133,0.0001875,-0.08791133333333345,0.4028495,0.4028495,0.3063975,0.09645200000000004,0.004933133,1.08586,0.6336874,1.08586,0.01456994,3.75738058,4570882000.0,0.000331751,0.00292377,0.005525925300000001
tt_vdd1.00_t27,tt,1.0,27.0,0.0015,38.55527063519852,0.5,8,1,True,,0.001353375,0.0001875,-0.09775,0.3566063,0.3566063,0.2904876,0.06611869999999997,0.005764758,1.020431,0.6295778,1.020431,0.01212773,3.40001496,4168694000.0,0.0003629848,0.00289425,0.0052096500000000006
ss_vdd0.95_t125,ss,0.95,125.0,0.0015,38.55527063519852,0.5,8,1,True,,0.001256267,0.0001875,-0.16248866666666673,0.3462143,0.3462143,0.4041767,-0.057962400000000025,0.003670538,1.086072,0.5605986,1.086072,0.009194108,2.0168031,3467369000.0,0.0003822466,0.00270003,0.0046170513
ff_vdd1.05_t0,ff,1.05,0.0,0.0015,38.55527063519852,0.5,8,1,True,,0.0013896,0.0001875,-0.0736,0.4010121,0.4010121,0.2534275,0.14758459999999995,0.006793388,0.9781331,0.6328343,0.9781331,0.01465139,4.084754,4786301000.0,0.0003619583,0.0029667,0.005607063000000001
tt_vdd1.00_t27,tt,1.0,27.0,0.0015,59.46035575013605,0.5,8,1,True,,0.001367889,0.0001875,-0.0880740000000001,0.3552903,0.3552903,0.237281,0.11800930000000001,0.00780249,0.9266228,0.6219154,0.9266228,0.01218034,3.7972747,4168694000.0,0.0003977771,0.00292328,0.0052619039999999995
ss_vdd0.95_t125,ss,0.95,125.0,0.0015,59.46035575013605,0.5,8,1,True,,0.001314753,0.0001875,-0.123498,0.3399856,0.3399856,0.3271343,0.01285130000000001,0.005518764,0.9684654,0.5517007,0.9684654,0.009362717,2.702119271,3630781000.0,0.0004219645,0.00281701,0.0048170871
ff_vdd1.05_t0,ff,1.05,0.0,0.0015,59.46035575013605,0.5,8,1,True,,0.001393959,0.0001875,-0.07069400000000003,0.4006395,0.4006395,0.2080545,0.19258499999999998,0.008951795,0.8938467,0.6261836,0.8938467,0.01466767,4.2571888,4570882000.0,0.0003913816,0.00297542,0.0056235438
tt_vdd1.00_t27,tt,1.0,27.0,0.0015,91.70040432046711,0.5,8,1,True,,0.001382012,0.0001875,-0.07865866666666677,0.3540134,0.3540134,0.1954123,0.15860109999999997,0.01031843,0.8495379,0.6081431,0.8495379,0.01223075,4.1206913,4168694000.0,0.0004347449,0.00295152,0.005312736
ss_vdd0.95_t125,ss,0.95,125.0,0.0015,91.70040432046711,0.5,8,1,True,,0.0013536,0.0001875,-0.09760000000000002,0.3358941,0.3358941,0.2640813,0.07181279999999995,0.007683395,0.8715896,0.5302403,0.8715896,0.009468602,3.3515396,3630781000.0,0.0004672389,0.0028947,0.004949937
ff_vdd1.05_t0,ff,1.05,0.0,0.0015,91.70040432046711,0.5,8,1,True,,0.001401826,0.0001875,-0.06544933333333347,0.3999676,0.3999676,0.1719623,0.22800529999999997,0.0117406,0.8247908,0.6161376,0.8247908,0.0146968,4.4649016,4570882000.0,0.0004267375,0.00299115,0.005653273500000001
tt_vdd1.00_t27,tt,1.0,27.0,0.0015,141.42135623730948,0.5,8,1,True,,0.001391407,0.0001875,-0.07239533333333326,0.3531658,0.3531658,0.1625769,0.19058889999999998,0.01343084,0.7922127,0.5993464,0.7922127,0.01226385,4.4438122,4168694000.0,0.0004726385,0.00297031,0.0053465579999999995
ss_vdd0.95_t125,ss,0.95,125.0,0.0015,141.42135623730948,0.5,8,1,True,,0.001376481,0.0001875,-0.08234600000000003,0.3334997,0.3334997,0.2164386,0.1170611,0.01019394,0.7991545,0.5165038,0.7991545,0.009528785,3.8634059,3630781000.0,0.0005094421,0.00294046,0.005028186600000001
ff_vdd1.05_t0,ff,1.05,0.0,0.0015,141.42135623730948,0.5,8,1,True,,0.001407657,0.0001875,-0.061562000000000006,0.3994698,0.3994698,0.1434937,0.2559761,0.01518523,0.7737715,0.6097621,0.7737715,0.0147182,4.7147151,4570882000.0,0.0004636723,0.00300281,0.0056753109
tt_vdd1.00_t27,tt,1.0,27.0,0.0015,218.1015465330515,0.5,8,1,True,,0.001398901,0.0001875,-0.06739933333333337,0.3524908,0.3524908,0.1364546,0.21603619999999998,0.01688999,0.7487805,0.59377,0.7487805,0.01229002,4.8336401,3981072000.0,0.0005032103,0.0029853,0.0053735400000000004
ss_vdd0.95_t125,ss,0.95,125.0,0.0015,218.1015465330515,0.5,8,1,True,,0.001392027,0.0001875,-0.07198199999999999,0.3318792,0.3318792,0.1798212,0.152058,0.01288339,0.7434739,0.5077308,0.7434739,0.009568771,4.3528922,3467369000.0,0.0005399819,0.00297155,0.0050813505
ff_vdd1.05_t0,ff,1.05,0.0,0.0015,218.1015465330515,0.5,8,1,True,,0.001413099,0.0001875,-0.05793400000000004,0.3990055,0.3990055,0.1207409,0.27826460000000003,0.01900516,0.7352585,0.6057782,0.7352585,0.01473804,5.0499726,4365158000.0,0.0004939115,0.0030137,0.005695893
tt_vdd1.00_t27,tt,1.0,27.0,0.0015,336.35856610148574,0.5,8,1,True,,0.001405292,0.0001875,-0.06313866666666668,0.3519159,0.3519159,0.1154686,0.2364473,0.02036778,0.7144081,0.5902437,0.7144081,0.01231217,5.3278425,3801894000.0,0.0005182436,0.00299808,0.0053965440000000005
ss_vdd0.95_t125,ss,0.95,125.0,0.0015,336.35856610148574,0.5,8,1,True,,0.001403666,0.0001875,-0.06422266666666665,0.3306691,0.3306691,0.1512491,0.17942,0.01554161,0.6987566,0.5021283,0.6987566,0.009598242,4.900948700000001,3467369000.0,0.0005524758,0.00299483,0.0051211593
ff_vdd1.05_t0,ff,1.05,0.0,0.0015,336.35856610148574,0.5,8,1,True,,0.001418319,0.0001875,-0.05445400000000011,0.3985603,0.3985603,0.1024107,0.2961496,0.02283773,0.7047959,0.603304,0.7047959,0.01475694,5.5037455,4365158000.0,0.0005093585,0.00302414,0.0057156246
tt_vdd1.00_t27,tt,1.0,27.0,0.0015,518.7358218604037,0.5,8,1,True,,0.001410559,0.0001875,-0.059627333333333365,0.3514425,0.3514425,0.09854161,0.25290089,0.02359019,0.6858134,0.5880093,0.6858134,0.01233031,5.9405768000000005,3630781000.0,0.0005133619,0.00300862,0.005415516
ss_vdd0.95_t125,ss,0.95,125.0,0.0015,518.7358218604037,0.5,8,1,True,,0.001412704,0.0001875,-0.05819733333333332,0.3297312,0.3297312,0.128675,0.2010562,0.01798768,0.6611731,0.4985436,0.6611731,0.009620853,5.5347958,3162278000.0,0.0005444178,0.00301291,0.0051520761
ff_vdd1.05_t0,ff,1.05,0.0,0.0015,518.7358218604037,0.5,8,1,True,,0.001422938,0.0001875,-0.05137466666666679,0.3981666,0.3981666,0.08761318,0.31055341999999997,0.02638062,0.6793987,0.6017638,0.6793987,0.01477355,6.0834801,3981072000.0,0.0005055426,0.00303338,0.005733088200000001
tt_vdd1.00_t27,tt,1.0,27.0,0.0015,799.9999999999997,0.5,8,1,True,,0.001414628,0.0001875,-0.05691466666666667,0.3510771,0.3510771,0.08491477,0.26616233,0.02637624,0.6609256,0.5865874,0.6609256,0.01234425,6.6519353,3311311000.0,0.0004888914,0.00301676,0.005430168
ss_vdd0.95_t125,ss,0.95,125.0,0.0015,799.9999999999997,0.5,8,1,True,,0.001419846,0.0001875053,-0.05343600000000004,0.3289953,0.3289953,0.1107131,0.21828219999999998,0.02009723,0.6282815,0.4962436,0.6282815,0.009638457,6.241378600000001,2884032000.0,0.0005174535,0.00302711,0.005176358099999999
ff_vdd1.05_t0,ff,1.05,0.0,0.0015,799.9999999999997,0.5,8,1,True,,0.001426681,0.0001875,-0.048879333333333386,0.3978476,0.3978476,0.07571148,0.32213612,0.02943723,0.657212,0.6007985,0.657212,0.01478694,6.7792108,3801894000.0,0.0004824372,0.00304086,0.0057472254
tt_vdd1.00_t27,tt,1.0,27.0,0.0015,25.0,0.75,8,1,True,,0.001227381,0.0001875,-0.18174599999999996,0.3682,0.3682,0.4319316,-0.0637316,0.002723671,1.23465,0.6111523,1.23465,0.01163491,2.3525910000000003,3981072000.0,0.000302322,0.00264226,0.0047560680000000004
ss_vdd0.95_t125,ss,0.95,125.0,0.0015,25.0,0.75,8,1,True,,0.001049831,0.0001875,-0.3001126666666667,0.3690247,0.3690247,0.5945472,-0.22552250000000007,0.001538159,1.375359,0.5458835,1.375359,0.008499999,1.7302599,3162278000.0,0.0003508159,0.00228716,0.0039110436
ff_vdd1.05_t0,ff,1.05,0.0,0.0015,25.0,0.75,8,1,True,,0.001325421,0.0001875,-0.11638599999999999,0.4065176,0.4065176,0.3778956,0.02862199999999998,0.003631389,1.168201,0.6139747,1.168201,0.01440113,3.3279058,4570882000.0,0.0003051163,0.00283834,0.005364462600000001
tt_vdd1.00_t27,tt,1.0,27.0,0.0015,38.55527063519852,0.75,8,1,True,,0.001336836,0.0001875,-0.10877599999999998,0.3581103,0.3581103,0.3605762,-0.002465900000000021,0.004249332,1.099991,0.6043589,1.099991,0.01206677,2.9937188999999997,3981072000.0,0.0003280047,0.00286117,0.005150106000000001
ss_vdd0.95_t125,ss,0.95,125.0,0.0015,38.55527063519852,0.75,8,1,True,,0.001189646,0.0001875,-0.20690266666666668,0.3534223,0.3534223,0.489723,-0.1363007,0.002469315,1.190805,0.53454,1.190805,0.008987771,1.9185150000000002,3311311000.0,0.0003566222,0.00256679,0.004389210899999999
ff_vdd1.05_t0,ff,1.05,0.0,0.0015,38.55527063519852,0.75,8,1,True,,0.001396908,0.0001875,-0.06872800000000001,0.4003876,0.4003876,0.3182216,0.08216600000000002,0.005315202,1.050689,0.6095041,1.050689,0.01467862,3.993036647,4570882000.0,0.0003368586,0.00298132,0.0056346948
tt_vdd1.00_t27,tt,1.0,27.0,0.0015,59.46035575013605,0.75,8,1,True,,0.001379623,0.0001875,-0.08025133333333334,0.3542289,0.3542289,0.3018741,0.052354800000000035,0.006126178,0.9821593,0.5985124,0.9821593,0.01222229,3.711949011,4168694000.0,0.0003635625,0.00294675,0.0053041500000000005
ss_vdd0.95_t125,ss,0.95,125.0,0.0015,59.46035575013605,0.75,8,1,True,,0.00128466,0.0001875,-0.14356000000000002,0.3431797,0.3431797,0.4045452,-0.06136550000000002,0.003873334,1.041447,0.5276037,1.041447,0.009277375,2.4052211,3467369000.0,0.0003769511,0.00275682,0.0047141622
ff_vdd1.05_t0,ff,1.05,0.0,0.0015,59.46035575013605,0.75,8,1,True,,0.001415023,0.0001875,-0.056651333333333276,0.3988412,0.3988412,0.2684936,0.1303476,0.007245586,0.9439168,0.6041257,0.9439168,0.01474503,4.3574564,4570882000.0,0.0003676783,0.00301755,0.0057031695
tt_vdd1.00_t27,tt,1.0,27.0,0.0015,91.70040432046711,0.75,8,1,True,,0.001404376,0.0001875,-0.06374933333333344,0.3519982,0.3519982,0.2468541,0.10514409999999999,0.008235291,0.8904337,0.5857112,0.8904337,0.01230901,4.2403128,4168694000.0,0.0004008998,0.00299625,0.0053932500000000005
ss_vdd0.95_t125,ss,0.95,125.0,0.0015,91.70040432046711,0.75,8,1,True,,0.001352188,0.0001875,-0.09854133333333337,0.3360421,0.3360421,0.3240848,0.011957300000000004,0.00573027,0.9264995,0.5086418,0.9264995,0.009464837,3.2018962299999996,3467369000.0,0.0004159642,0.00289188,0.0049451148
ff_vdd1.05_t0,ff,1.05,0.0,0.0015,91.70040432046711,0.75,8,1,True,,0.001427892,0.0001875,-0.048072000000000004,0.3977445,0.3977445,0.2204103,0.1773342,0.009478396,0.8612797,0.5938131,0.8612797,0.01479126,4.6429298,4570882000.0,0.0003995211,0.00304328,0.005751799200000001
tt_vdd1.00_t27,tt,1.0,27.0,0.0015,141.42135623730948,0.75,8,1,True,,0.001418234,0.0001875,-0.05451066666666671,0.3507535,0.3507535,0.2036484,0.1471051,0.01086515,0.8203303,0.5774247,0.8203303,0.01235656,4.649368,4168694000.0,0.0004382637,0.00302397,0.005443146
ss_vdd0.95_t125,ss,0.95,125.0,0.0015,141.42135623730948,0.75,8,1,True,,0.001389122,0.0001875,-0.07391866666666669,0.3321816,0.3321816,0.2642687,0.0679129,0.008000277,0.8391718,0.4964195,0.8391718,0.009561354,3.9571728000000004,3467369000.0,0.0004619843,0.00296574,0.0050714154
ff_vdd1.05_t0,ff,1.05,0.0,0.0015,141.42135623730948,0.75,8,1,True,,0.001435968,0.0001875,-0.04268800000000006,0.3970568,0.3970568,0.1820147,0.21504209999999999,0.01233003,0.797984,0.5871075,0.797984,0.01481989,4.932485799999999,4570882000.0,0.0004339361,0.00305944,0.005782341600000001
tt_vdd1.00_t27,tt,1.0,27.0,0.0015,218.1015465330515,0.75,8,1,True,,0.001426867,0.0001875,-0.04875533333333326,0.3499796,0.3499796,0.1692116,0.180768,0.01398854,0.7667975,0.5720614,0.7667975,0.01238582,5.074534,3981072000.0,0.0004720811,0.00304123,0.005474214
ss_vdd0.95_t125,ss,0.95,125.0,0.0015,218.1015465330515,0.75,8,1,True,,0.001409721,0.0001875,-0.06018599999999996,0.3300406,0.3300406,0.2183632,0.11167740000000001,0.01056452,0.7721395,0.4885282,0.7721395,0.009613415,4.5700575,3467369000.0,0.0005010615,0.00300694,0.0051418674
ff_vdd1.05_t0,ff,1.05,0.0,0.0015,218.1015465330515,0.75,8,1,True,,0.00144139,0.0001875,-0.03907333333333329,0.3965954,0.3965954,0.1512678,0.24532759999999998,0.01572582,0.7496082,0.5827566,0.7496082,0.01483894,5.2848172,4365158000.0,0.0004661002,0.00307028,0.0058028292
tt_vdd1.00_t27,tt,1.0,27.0,0.0015,336.35856610148574,0.75,8,1,True,,0.001432418,0.0001875,-0.04505466666666669,0.3494825,0.3494825,0.1415175,0.20796499999999998,0.01738994,0.7249552,0.5685883,0.7249552,0.0124045,5.5771266,3801894000.0,0.0004947593,0.00305234,0.005494212
ss_vdd0.95_t125,ss,0.95,125.0,0.0015,336.35856610148574,0.75,8,1,True,,0.001422438,0.0001875,-0.051707999999999976,0.3287229,0.3287229,0.1823771,0.1463458,0.01327462,0.7192448,0.483426,0.7192448,0.00964494,5.158503400000001,3311311000.0,0.0005247916,0.00303238,0.0051853698
ff_vdd1.05_t0,ff,1.05,0.0,0.0015,336.35856610148574,0.75,8,1,True,,0.001445005,0.0001875,-0.03666333333333327,0.3962877,0.3962877,0.1265366,0.2697511,0.01942603,0.7117557,0.5799348,0.7117557,0.01485158,5.7380141,4365158000.0,0.0004881302,0.00307751,0.005816493900000001
tt_vdd1.00_t27,tt,1.0,27.0,0.0015,518.7358218604037,0.75,8,1,True,,0.001436005,0.0001875,-0.042663333333333386,0.3491617,0.3491617,0.1191746,0.2299871,0.02079664,0.6910303,0.5663383,0.6910303,0.0124165,6.1803661000000005,3630781000.0,0.0004997357,0.00305951,0.005507118
ss_vdd0.95_t125,ss,0.95,125.0,0.0015,518.7358218604037,0.75,8,1,True,,0.001430975,0.0001875,-0.046016666666666706,0.32784,0.32784,0.1537563,0.1740837,0.01593884,0.6759337,0.4801238,0.6759337,0.009665842,5.793594,3162278000.0,0.0005284364,0.00304945,0.0052145595
ff_vdd1.05_t0,ff,1.05,0.0,0.0015,518.7358218604037,0.75,8,1,True,,0.001447391,0.0001875,-0.03507266666666675,0.3960849,0.3960849,0.1066178,0.28946710000000003,0.02313784,0.6810334,0.5781049,0.6810334,0.01485988,6.3046148,3981072000.0,0.0004933938,0.00308228,0.0058255092000000005
tt_vdd1.00_t27,tt,1.0,27.0,0.0015,799.9999999999997,0.75,8,1,True,,0.001438325,0.0001875,-0.04111666666666669,0.348954,0.348954,0.1011704,0.2477836,0.02397179,0.6624131,0.5648803,0.6624131,0.01242426,6.8730150000000005,3311311000.0,0.0004847362,0.00306415,0.00551547
ss_vdd0.95_t125,ss,0.95,125.0,0.0015,799.9999999999997,0.75,8,1,True,,0.001437103,0.0001875018,-0.04193133333333343,0.3272085,0.3272085,0.1308103,0.19639820000000002,0.01838745,0.6390917,0.4779852,0.6390917,0.009680685,6.482744,2884032000.0,0.0005116221,0.00306168,0.005235472799999999
ff_vdd1.05_t0,ff,1.05,0.0,0.0015,799.9999999999997,0.75,8,1,True,,0.001448985,0.0001875,-0.034009999999999985,0.3959493,0.3959493,0.09060744,0.30534186,0.02660527,0.6550937,0.5769183,0.6550937,0.01486542,6.9788003,3801894000.0,0.0004792683,0.00308547,0.0058315383
tt_vdd1.00_t27,tt,1.0,27.0,0.0015,25.0,1.0,8,1,True,,0.001156573,0.0001875,-0.2289513333333334,0.3748719,0.3748719,0.5036933,-0.12882140000000003,0.002025161,1.324967,0.6009923,1.324967,0.01132744,2.3233639999999998,3801894000.0,0.0002898215,0.00250065,0.0045011700000000005
ss_vdd0.95_t125,ss,0.95,125.0,0.0015,25.0,1.0,8,1,True,,0.0009741015,0.0001875,-0.350599,0.3778055,0.3778055,0.6730001,-0.2951946,0.001125243,1.508496,0.5365975,1.508496,0.008201217,1.9025243,3162278000.0,0.0003482161,0.0021357,0.003652047
ff_vdd1.05_t0,ff,1.05,0.0,0.0015,25.0,1.0,8,1,True,,0.001275664,0.0001875,-0.14955733333333343,0.410815,0.410815,0.4459709,-0.03515590000000002,0.002766641,1.248295,0.6046439,1.248295,0.01419264,3.046318,4365158000.0,0.0002849598,0.00273883,0.0051763887
tt_vdd1.00_t27,tt,1.0,27.0,0.0015,38.55527063519852,1.0,8,1,True,,0.001291435,0.0001875,-0.1390433333333333,0.3622655,0.3622655,0.4236749,-0.0614094,0.003290294,1.16858,0.5901763,1.16858,0.01189376,2.751479,3981072000.0,0.0003047921,0.00277037,0.004986666
ss_vdd0.95_t125,ss,0.95,125.0,0.0015,38.55527063519852,1.0,8,1,True,,0.001121259,0.0001875,-0.252494,0.3609655,0.3609655,0.5651093,-0.20414380000000004,0.001857268,1.281861,0.519759,1.281861,0.008758939,2.0722546,3311311000.0,0.0003455757,0.00243002,0.0041553342
ff_vdd1.05_t0,ff,1.05,0.0,0.0015,38.55527063519852,1.0,8,1,True,,0.001378508,0.0001875,-0.08099466666666666,0.401961,0.401961,0.3767334,0.025227600000000017,0.004360444,1.112544,0.5963493,1.112544,0.01460958,3.7495053000000005,4570882000.0,0.0003149317,0.00294452,0.005565142800000001
tt_vdd1.00_t27,tt,1.0,27.0,0.0015,59.46035575013605,1.0,8,1,True,,0.001364319,0.0001875,-0.09045400000000003,0.3556137,0.3556137,0.3572738,-0.0016600999999999977,0.004970601,1.033283,0.5853226,1.033283,0.01216747,3.5179470999999998,3981072000.0,0.0003315549,0.00291614,0.005249052
ss_vdd0.95_t125,ss,0.95,125.0,0.0015,59.46035575013605,1.0,8,1,True,,0.001235589,0.0001875,-0.17627400000000004,0.3484379,0.3484379,0.4717514,-0.12331349999999996,0.002945686,1.108868,0.5138887,1.108868,0.009131741,2.4545724,3311311000.0,0.0003521712,0.00265868,0.0045463428
ff_vdd1.05_t0,ff,1.05,0.0,0.0015,59.46035575013605,1.0,8,1,True,,0.001415342,0.0001875,-0.05643866666666675,0.3988142,0.3988142,0.32001,0.07880419999999999,0.006148429,0.9897793,0.5917351,0.9897793,0.01474617,4.3502212,4570882000.0,0.0003450683,0.00301818,0.0057043602
tt_vdd1.00_t27,tt,1.0,27.0,0.0015,91.70040432046711,1.0,8,1,True,,0.001404174,0.0001875,-0.06388400000000005,0.3520162,0.3520162,0.2902657,0.061750499999999986,0.006906095,0.9301521,0.5734187,0.9301521,0.01230831,4.2733213999999995,4168694000.0,0.0003704066,0.00299585,0.00539253
ss_vdd0.95_t125,ss,0.95,125.0,0.0015,91.70040432046711,1.0,8,1,True,,0.001325976,0.0001875,-0.11601600000000001,0.3388,0.3388,0.3762048,-0.037404800000000016,0.004473112,0.9793095,0.4965917,0.9793095,0.009393796,3.1331393,3467369000.0,0.0003777231,0.00283945,0.0048554595
ff_vdd1.05_t0,ff,1.05,0.0,0.0015,91.70040432046711,1.0,8,1,True,,0.001432928,0.0001875,-0.04471466666666668,0.3973156,0.3973156,0.2608586,0.136457,0.008086038,0.8968809,0.5817196,0.8968809,0.01480915,4.7313371,4570882000.0,0.0003766445,0.00305336,0.005770850400000001
tt_vdd1.00_t27,tt,1.0,27.0,0.0015,141.42135623730948,1.0,8,1,True,,0.001424081,0.0001875,-0.05061266666666664,0.3502293,0.3502293,0.2379614,0.11226790000000003,0.009217395,0.8500399,0.5657262,0.8500399,0.01237641,4.786346,3981072000.0,0.0004079303,0.00303566,0.005464188
ss_vdd0.95_t125,ss,0.95,125.0,0.0015,141.42135623730948,1.0,8,1,True,,0.001381491,0.0001875,-0.07900599999999991,0.3329769,0.3329769,0.3056668,0.027310100000000004,0.006514789,0.8792389,0.4854538,0.8792389,0.009541748,4.0045646999999995,3467369000.0,0.000418893,0.00295048,0.0050453208
ff_vdd1.05_t0,ff,1.05,0.0,0.0015,141.42135623730948,1.0,8,1,True,,0.001443118,0.0001875,-0.03792133333333336,0.3964483,0.3964483,0.2138158,0.18263249999999998,0.01052764,0.8243673,0.5752245,0.8243673,0.01484499,5.0481992,4570882000.0,0.0004085139,0.00307374,0.005809368600000001
tt_vdd1.00_t27,tt,1.0,27.0,0.0015,218.1015465330515,1.0,8,1,True,,0.001435346,0.0001875,-0.04310266666666662,0.3492206,0.3492206,0.1964475,0.1527731,0.01201333,0.7883735,0.5607491,0.7883735,0.0124143,5.2411561,3981072000.0,0.0004422003,0.00305819,0.005504742
ss_vdd0.95_t125,ss,0.95,125.0,0.0015,218.1015465330515,1.0,8,1,True,,0.001411329,0.0001875,-0.059114,0.3298737,0.3298737,0.251633,0.0782407,0.008925087,0.8021158,0.4782642,0.8021158,0.00961743,4.752021200000001,3311311000.0,0.0004615478,0.00301016,0.0051473735999999996
ff_vdd1.05_t0,ff,1.05,0.0,0.0015,218.1015465330515,1.0,8,1,True,,0.00144971,0.0001875,-0.033526666666666594,0.3958877,0.3958877,0.1763517,0.219536,0.01353301,0.7684461,0.5710126,0.7684461,0.01486793,5.4099486,4365158000.0,0.0004396537,0.00308692,0.0058342788
tt_vdd1.00_t27,tt,1.0,27.0,0.0015,336.35856610148574,1.0,8,1,True,,0.001442286,0.0001875,-0.038475999999999955,0.3486002,0.3486002,0.1631693,0.18543090000000004,0.01521279,0.7403948,0.5575266,0.7403948,0.01243741,5.747341700000001,3801894000.0,0.000468327,0.00307207,0.005529726
ss_vdd0.95_t125,ss,0.95,125.0,0.0015,336.35856610148574,1.0,8,1,True,,0.001428059,0.0001875,-0.04796066666666676,0.3281415,0.3281415,0.2092302,0.11891129999999997,0.01157163,0.7418537,0.473616,0.7418537,0.009658725,5.3858771,3311311000.0,0.0004924343,0.00304362,0.0052045901999999995
ff_vdd1.05_t0,ff,1.05,0.0,0.0015,336.35856610148574,1.0,8,1,True,,0.001454091,0.0001875,-0.030606000000000022,0.395515,0.395515,0.1463668,0.24914820000000001,0.01698446,0.7248489,0.5682814,0.7248489,0.01488308,5.863711,4365158000.0,0.0004641834,0.00309568,0.0058508352000000005
tt_vdd1.00_t27,tt,1.0,27.0,0.0015,518.7358218604037,1.0,8,1,True,,0.00144672,0.0001875,-0.035519999999999996,0.3482041,0.3482041,0.1363784,0.2118257,0.01859866,0.7020374,0.5554389,0.7020374,0.01245209,6.3425332999999995,3630781000.0,0.0004796595,0.00308094,0.005545692
ss_vdd0.95_t125,ss,0.95,125.0,0.0015,518.7358218604037,1.0,8,1,True,,0.001438447,0.0001875006,-0.04103533333333331,0.3270689,0.3270689,0.1754241,0.1516448,0.01429337,0.6933724,0.4706077,0.6933724,0.009683954,6.017507999999999,3019952000.0,0.0005049395,0.00306438,0.005240089799999999
ff_vdd1.05_t0,ff,1.05,0.0,0.0015,518.7358218604037,1.0,8,1,True,,0.001457016,0.0001875,-0.028656000000000015,0.3952666,0.3952666,0.1223005,0.2729661,0.02064704,0.6899345,0.5665104,0.6899345,0.01489313,6.4284209,3981072000.0,0.0004750846,0.00310153,0.0058618917
tt_vdd1.00_t27,tt,1.0,27.0,0.0015,799.9999999999997,1.0,8,1,True,,0.001449593,0.0001875,-0.033604666666666616,0.3479476,0.3479476,0.1148046,0.23314300000000002,0.02192683,0.6702786,0.5540861,0.6702786,0.01246156,7.0252823,3311311000.0,0.0004722242,0.00308669,0.005556042
ss_vdd0.95_t125,ss,0.95,125.0,0.0015,799.9999999999997,1.0,8,1,True,,0.001445433,0.0001875002,-0.03637799999999991,0.326348,0.326348,0.1482337,0.17811430000000003,0.01690939,0.6529467,0.4686594,0.6529467,0.009700765,6.6860029999999995,2884032000.0,0.000497023,0.00307836,0.0052639956
ff_vdd1.05_t0,ff,1.05,0.0,0.0015,799.9999999999997,1.0,8,1,True,,0.001458981,0.0001875,-0.02734599999999998,0.3950996,0.3950996,0.102985,0.2921146,0.02426048,0.6609961,0.565362,0.6609961,0.01489987,7.097820499999999,3801894000.0,0.0004679999,0.00310546,0.005869319400000001
tt_vdd1.00_t27,tt,1.0,27.0,0.003,25.0,0.5,8,1,True,,0.002038147,0.000375,-0.3206176666666667,0.2970474,0.2970474,0.4722313,-0.1751839,0.003073858,1.396473,0.6324788,1.396473,0.01387104,0.16384600000000038,2511886000.0,0.0002568466,0.00445129,0.008012322
ss_vdd0.95_t125,ss,0.95,125.0,0.003,25.0,0.5,8,1,True,,0.001660486,0.000375,-0.44650466666666666,0.3045295,0.3045295,0.6785036,-0.3739741,0.001723062,1.566578,0.5649674,1.566578,0.01015513,0.21417300000000017,2290868000.0,0.0003096393,0.00369597,0.0063201086999999994
ff_vdd1.05_t0,ff,1.05,0.0,0.003,25.0,0.5,8,1,True,,0.002314473,0.000375,-0.22850899999999996,0.3229624,0.3229624,0.4046121,-0.08164969999999999,0.004215056,1.317098,0.6339878,1.317098,0.01657693,0.47896399999999995,3467369000.0,0.0002564724,0.00500395,0.009457465500000001
tt_vdd1.00_t27,tt,1.0,27.0,0.003,38.55527063519852,0.5,8,1,True,,0.002230912,0.000375,-0.25636266666666674,0.2806619,0.2806619,0.3850296,-0.10436770000000001,0.004945094,1.210966,0.6297483,1.210966,0.01414324,0.23847400000000007,2754229000.0,0.0002694103,0.00483682,0.008706276
ss_vdd0.95_t125,ss,0.95,125.0,0.003,38.55527063519852,0.5,8,1,True,,0.001866381,0.000375,-0.377873,0.2840871,0.2840871,0.5415089,-0.2574218,0.002859825,1.330444,0.5607156,1.330444,0.01048862,0.14796299999999984,2089296000.0,0.0003111705,0.00410776,0.0070242696
ff_vdd1.05_t0,ff,1.05,0.0,0.003,38.55527063519852,0.5,8,1,True,,0.002473973,0.000375,-0.17534233333333338,0.3092453,0.3092453,0.3338366,-0.024591299999999983,0.006720846,1.150224,0.6330811,1.150224,0.01667898,0.9089530000000003,3981072000.0,0.0002850607,0.00532295,0.010060375500000001
tt_vdd1.00_t27,tt,1.0,27.0,0.003,59.46035575013605,0.5,8,1,True,,0.002376118,0.000375,-0.20796066666666668,0.2682643,0.2682643,0.3129677,-0.044703400000000004,0.007545001,1.071973,0.6220278,1.071973,0.01429578,0.5900210000000001,3311311000.0,0.0002948311,0.00512724,0.009229032
ss_vdd0.95_t125,ss,0.95,125.0,0.003,59.46035575013605,0.5,8,1,True,,0.002044998,0.000375,-0.318334,0.2664985,0.2664985,0.434402,-0.16790349999999998,0.004421629,1.154409,0.5517791,1.154409,0.01070719,0.18984299999999976,2290868000.0,0.0003183289,0.004465,0.00763515
ff_vdd1.05_t0,ff,1.05,0.0,0.003,59.46035575013605,0.5,8,1,True,,0.002566528,0.000375,-0.14449066666666666,0.3011886,0.3011886,0.2731839,0.028004699999999993,0.009936611,1.024965,0.6263398,1.024965,0.01671371,1.7108370000000002,4570882000.0,0.0003317315,0.00550806,0.010410233400000002
tt_vdd1.00_t27,tt,1.0,27.0,0.003,91.70040432046711,0.5,8,1,True,,0.002498703,0.000375,-0.167099,0.2577069,0.2577069,0.2567263,0.0009805999999999981,0.01099697,0.9622001,0.6083048,0.9622001,0.01438994,1.2713160000000001,3801894000.0,0.0003346679,0.00537241,0.009670338
ss_vdd0.95_t125,ss,0.95,125.0,0.003,91.70040432046711,0.5,8,1,True,,0.002216381,0.000375,-0.26120633333333343,0.2495821,0.2495821,0.3466369,-0.09705480000000002,0.006536285,1.016966,0.5303629,1.016966,0.01085848,0.35455099999999984,2511886000.0,0.0003319164,0.00480776,0.008221269600000001
ff_vdd1.05_t0,ff,1.05,0.0,0.003,91.70040432046711,0.5,8,1,True,,0.002637908,0.000375,-0.12069733333333332,0.2949158,0.2949158,0.2253302,0.0695856,0.01392159,0.9257061,0.6163471,0.9257061,0.01672834,2.520188,4786301000.0,0.0003876472,0.00565082,0.0106800498
tt_vdd1.00_t27,tt,1.0,27.0,0.003,141.42135623730948,0.5,8,1,True,,0.002582991,0.000375,-0.139003,0.2503728,0.2503728,0.2129897,0.0373831,0.01568709,0.8788793,0.5995148,0.8788793,0.01443581,2.191305,4168694000.0,0.0003913218,0.00554098,0.009973764
ss_vdd0.95_t125,ss,0.95,125.0,0.003,141.42135623730948,0.5,8,1,True,,0.002359687,0.000375,-0.21343766666666664,0.2352777,0.2352777,0.2818705,-0.04659280000000002,0.009712704,0.9113764,0.5166418,0.9113764,0.01094006,0.7653159999999999,2884032000.0,0.0003572696,0.00509437,0.0087113727
ff_vdd1.05_t0,ff,1.05,0.0,0.003,141.42135623730948,0.5,8,1,True,,0.002682515,0.000375,-0.10582833333333341,0.290966,0.290966,0.1876546,0.1033114,0.01906784,0.8513239,0.6099706,0.8513239,0.01673207,3.1941688,4786301000.0,0.0004484019,0.00574003,0.0108486567
tt_vdd1.00_t27,tt,1.0,27.0,0.003,218.1015465330515,0.5,8,1,True,,0.00263908,0.000375,-0.12030666666666678,0.2454478,0.2454478,0.1781213,0.06732649999999998,0.02157081,0.8165788,0.5939078,0.8165788,0.01445742,3.129819,4168694000.0,0.0004544432,0.00565316,0.010175688
ss_vdd0.95_t125,ss,0.95,125.0,0.003,218.1015465330515,0.5,8,1,True,,0.002473079,0.000375,-0.1756403333333334,0.2237648,0.2237648,0.232714,-0.00894919999999999,0.01411462,0.8314974,0.5078509,0.8314974,0.01097283,1.5212659999999998,3162278000.0,0.0003953273,0.00532116,0.0090991836
ff_vdd1.05_t0,ff,1.05,0.0,0.003,218.1015465330515,0.5,8,1,True,,0.002712904,0.000375,-0.09569866666666671,0.2882608,0.2882608,0.1573492,0.1309116,0.02545983,0.7960426,0.6059441,0.7960426,0.01673221,3.8023764,4786301000.0,0.0005083615,0.00580081,0.0109635309
tt_vdd1.00_t27,tt,1.0,27.0,0.003,336.35856610148574,0.5,8,1,True,,0.002677179,0.000375,-0.10760700000000001,0.2420782,0.2420782,0.1498776,0.0922006,0.02828543,0.7692993,0.5903337,0.7692993,0.01446784,4.0213506,3981072000.0,0.0005084921,0.00572936,0.010312848000000001
ss_vdd0.95_t125,ss,0.95,125.0,0.003,336.35856610148574,0.5,8,1,True,,0.002557552,0.000375,-0.14748266666666676,0.2150208,0.2150208,0.194508,0.020512800000000025,0.01943799,0.7702274,0.5022105,0.7702274,0.01097647,2.5579829999999997,3162278000.0,0.0004381949,0.0054901,0.009388071
ff_vdd1.05_t0,ff,1.05,0.0,0.003,336.35856610148574,0.5,8,1,True,,0.00273516,0.000375,-0.08828000000000003,0.2862719,0.2862719,0.1326649,0.15360700000000002,0.0327483,0.7541343,0.6034105,0.7541343,0.01673105,4.432513999999999,4570882000.0,0.0005571024,0.00584532,0.0110476548
tt_vdd1.00_t27,tt,1.0,27.0,0.003,518.7358218604037,0.5,8,1,True,,0.002703688,0.000375,-0.09877066666666667,0.2397208,0.2397208,0.126821,0.11289980000000002,0.03526923,0.7320545,0.5880511,0.7320545,0.01447298,4.8941283,3801894000.0,0.0005401809,0.00578238,0.010408284
ss_vdd0.95_t125,ss,0.95,125.0,0.003,518.7358218604037,0.5,8,1,True,,0.002617978,0.000375,-0.12734066666666666,0.2086496,0.2086496,0.1642066,0.04444299999999998,0.02508219,0.7215503,0.498583,0.7215503,0.01096661,3.6779640000000002,3019952000.0,0.0004708743,0.00561096,0.0095947416
ff_vdd1.05_t0,ff,1.05,0.0,0.003,518.7358218604037,0.5,8,1,False,ngspice silent failure: inoise_total = -nan(ind),,,,,,,,,,,,,,,,,
tt_vdd1.00_t27,tt,1.0,27.0,0.003,799.9999999999997,0.5,8,1,True,,0.002721942,0.000375,-0.09268599999999994,0.2380907,0.2380907,0.107975,0.1301157,0.04197126,0.7013636,0.5865885,0.7013636,0.01447549,5.7601166,3467369000.0,0.0005430516,0.00581888,0.010473984
ss_vdd0.95_t125,ss,0.95,125.0,0.003,799.9999999999997,0.5,8,1,True,,0.002660501,0.000375,-0.11316633333333337,0.204095,0.204095,0.1398344,0.0642606,0.03049901,0.6812166,0.4962447,0.6812166,0.01095265,4.722912099999999,2884032000.0,0.000482239,0.005696,0.00974016
ff_vdd1.05_t0,ff,1.05,0.0,0.003,799.9999999999997,0.5,8,1,True,,0.002763625,0.000375,-0.0787916666666667,0.2837179,0.2837179,0.09593361,0.18778429000000002,0.04758942,0.6937139,0.6007998,0.6937139,0.016728,5.881391000000001,3981072000.0,0.0005809089,0.00590225,0.0111552525
tt_vdd1.00_t27,tt,1.0,27.0,0.003,25.0,0.75,8,1,True,,0.001827278,0.0003749999,-0.3909073333333333,0.3150268,0.3150268,0.5836054,-0.26857860000000006,0.001973252,1.554356,0.6111592,1.554356,0.01347535,0.46565999999999974,3019952000.0,0.0002517483,0.00402956,0.007253208
ss_vdd0.95_t125,ss,0.95,125.0,0.003,25.0,0.75,8,1,True,,0.001472108,0.0003749999,-0.5092973333333334,0.3236046,0.3236046,0.8151133,-0.4915087,0.001090476,1.792056,0.5458888,1.792056,0.009763672,0.5832039999999998,2754229000.0,0.0003110365,0.00331922,0.0056758662
ff_vdd1.05_t0,ff,1.05,0.0,0.003,25.0,0.75,8,1,True,,0.002101182,0.0003749999,-0.29960600000000004,0.3410632,0.3410632,0.5083005,-0.16723730000000003,0.002699799,1.457777,0.613984,1.457777,0.01635224,0.6496520000000001,3630781000.0,0.0002421632,0.00457736,0.0086512104
tt_vdd1.00_t27,tt,1.0,27.0,0.003,38.55527063519852,0.75,8,1,True,,0.002072028,0.000375,-0.30932400000000004,0.2941681,0.2941681,0.4861422,-0.19197410000000004,0.003304821,1.339631,0.604359,1.339631,0.01392482,0.4345880000000002,3019952000.0,0.0002539967,0.00451906,0.008134308
ss_vdd0.95_t125,ss,0.95,125.0,0.003,38.55527063519852,0.75,8,1,True,,0.001701048,0.000375,-0.43298400000000004,0.3004767,0.3004767,0.6696046,-0.3691279,0.001854103,1.503096,0.53454,1.503096,0.01022818,0.4874679999999998,2630268000.0,0.0003052157,0.0037771,0.006458841
ff_vdd1.05_t0,ff,1.05,0.0,0.003,38.55527063519852,0.75,8,1,True,,0.002344428,0.000375,-0.21852400000000005,0.3204002,0.3204002,0.426939,-0.10653879999999999,0.004520137,1.266927,0.6095042,1.266927,0.01660025,0.7474089999999998,3801894000.0,0.0002536002,0.00506386,0.0095706954
tt_vdd1.00_t27,tt,1.0,27.0,0.003,59.46035575013605,0.75,8,1,True,,0.002257955,0.000375,-0.2473483333333334,0.2783589,0.2783589,0.4049976,-0.1266387,0.005212307,1.163479,0.5985205,1.163479,0.01417501,0.6311850000000003,3162278000.0,0.0002622474,0.00489091,0.008803638
ss_vdd0.95_t125,ss,0.95,125.0,0.003,59.46035575013605,0.75,8,1,True,,0.00190207,0.000375,-0.3659766666666666,0.2805679,0.2805679,0.5478313,-0.26726340000000004,0.00296608,1.279121,0.5276097,1.279121,0.01053735,0.525544,2630268000.0,0.0003028759,0.00417914,0.007146329399999999
ff_vdd1.05_t0,ff,1.05,0.0,0.003,59.46035575013605,0.75,8,1,True,,0.002502066,0.000375,-0.16597800000000007,0.3068083,0.3068083,0.3589561,-0.05214780000000002,0.007082049,1.106661,0.6041367,1.106661,0.0166914,1.219831,4168694000.0,0.0002761719,0.00537913,0.010166555700000001
tt_vdd1.00_t27,tt,1.0,27.0,0.003,91.70040432046711,0.75,8,1,True,,0.002429032,0.000375,-0.19032266666666675,0.2637205,0.2637205,0.3296066,-0.0658861,0.007772645,1.032148,0.5857132,1.032148,0.01434034,1.0838260000000002,3467369000.0,0.0002807751,0.00523306,0.009419508
ss_vdd0.95_t125,ss,0.95,125.0,0.003,91.70040432046711,0.75,8,1,True,,0.002099246,0.000375,-0.3002513333333334,0.2611561,0.2611561,0.4318241,-0.170668,0.004466262,1.113505,0.5086433,1.113505,0.01076124,0.6988399999999997,2754229000.0,0.0003060076,0.00457349,0.0078206679
ff_vdd1.05_t0,ff,1.05,0.0,0.003,91.70040432046711,0.75,8,1,True,,0.002631619,0.000375,-0.12279366666666669,0.2954707,0.2954707,0.2939956,0.0014750999999999515,0.01040987,0.9879667,0.5938157,0.9879667,0.01672748,2.087687,4365158000.0,0.0003185729,0.00563824,0.0106562736
tt_vdd1.00_t27,tt,1.0,27.0,0.003,141.42135623730948,0.75,8,1,True,,0.002563289,0.000375,-0.14557033333333336,0.2520938,0.2520938,0.271184,-0.0190902,0.01143936,0.9298761,0.5774254,0.9298761,0.01442651,1.9016229999999994,3801894000.0,0.0003143554,0.00550158,0.009902844
ss_vdd0.95_t125,ss,0.95,125.0,0.003,141.42135623730948,0.75,8,1,True,,0.002270044,0.000375,-0.24331866666666668,0.2442498,0.2442498,0.3487535,-0.1045037,0.006675241,0.9834154,0.4964201,0.9834154,0.01089399,1.0561150000000006,2884032000.0,0.0003148873,0.00491509,0.0084048039
ff_vdd1.05_t0,ff,1.05,0.0,0.003,141.42135623730948,0.75,8,1,True,,0.002714833,0.000375,-0.09505566666666676,0.2880886,0.2880886,0.2423549,0.04573369999999996,0.01472577,0.8959408,0.5871084,0.8959408,0.01673215,3.122147,4570882000.0,0.0003775282,0.00580467,0.0109708263
tt_vdd1.00_t27,tt,1.0,27.0,0.003,218.1015465330515,0.75,8,1,True,,0.002658192,0.000375,-0.11393599999999993,0.2437601,0.2437601,0.2246698,0.019090300000000004,0.01639837,0.8516795,0.5720617,0.8516795,0.01446308,3.0409450000000002,3801894000.0,0.0003656353,0.00569138,0.010244484
ss_vdd0.95_t125,ss,0.95,125.0,0.003,218.1015465330515,0.75,8,1,True,,0.002414425,0.000375,-0.19519166666666665,0.2297472,0.2297472,0.2863823,-0.056635099999999966,0.009948741,0.8831272,0.4885285,0.8831272,0.01095962,1.661698,3019952000.0,0.0003316536,0.00520385,0.0088985835
ff_vdd1.05_t0,ff,1.05,0.0,0.003,218.1015465330515,0.75,8,1,True,,0.00276446,0.000375,-0.07851333333333343,0.2836428,0.2836428,0.2008516,0.08279119999999998,0.02007027,0.8257858,0.582757,0.8257858,0.01672788,4.0239679,4570882000.0,0.0004408763,0.00590392,0.0111584088
tt_vdd1.00_t27,tt,1.0,27.0,0.003,336.35856610148574,0.75,8,1,True,,0.00271878,0.000375,-0.09374000000000005,0.2383735,0.2383735,0.1870618,0.05131169999999999,0.0224666,0.7920637,0.5685886,0.7920637,0.01447512,4.2335899999999995,3801894000.0,0.0004237531,0.00581256,0.010462608
ss_vdd0.95_t125,ss,0.95,125.0,0.003,336.35856610148574,0.75,8,1,True,,0.002530507,0.000375,-0.15649766666666665,0.2178389,0.2178389,0.2379535,-0.02011460000000001,0.0144528,0.806455,0.4834262,0.806455,0.0109774,2.5629939999999998,2884032000.0,0.0003564767,0.00543602,0.0092955942
ff_vdd1.05_t0,ff,1.05,0.0,0.003,336.35856610148574,0.75,8,1,True,,0.002794056,0.000375,-0.06864800000000004,0.2809742,0.2809742,0.1672088,0.11376540000000002,0.02644672,0.7722513,0.5799351,0.7722513,0.01672276,4.79728388,4365158000.0,0.0004970018,0.00596311,0.0112702779
tt_vdd1.00_t27,tt,1.0,27.0,0.003,518.7358218604037,0.75,8,1,True,,0.002755609,0.000375,-0.08146366666666671,0.235069,0.235069,0.1564516,0.0786174,0.02922153,0.7458249,0.5663385,0.7458249,0.01447783,5.2919202,3630781000.0,0.0004700335,0.00588622,0.010595196000000001
ss_vdd0.95_t125,ss,0.95,125.0,0.003,518.7358218604037,0.75,8,1,True,,0.002617856,0.000375,-0.12738133333333335,0.2086625,0.2086625,0.1994339,0.009228600000000003,0.01991932,0.7469355,0.480124,0.7469355,0.01096664,3.691627,2754229000.0,0.0003843556,0.00561071,0.0095943141
ff_vdd1.05_t0,ff,1.05,0.0,0.003,518.7358218604037,0.75,8,1,True,,0.002811912,0.000375,-0.06269599999999997,0.2793578,0.2793578,0.1398403,0.1395175,0.03357795,0.7306082,0.5781051,0.7306082,0.01671872,5.5355028,4168694000.0,0.0005355216,0.00599882,0.011337769800000001
tt_vdd1.00_t27,tt,1.0,27.0,0.003,799.9999999999997,0.75,8,1,True,,0.002777769,0.000375,-0.07407700000000006,0.2330684,0.2330684,0.131514,0.10155440000000002,0.03616938,0.7087886,0.5648804,0.7087886,0.01447769,6.2174917,3311311000.0,0.0004918394,0.00593054,0.010674972
ss_vdd0.95_t125,ss,0.95,125.0,0.003,799.9999999999997,0.75,8,1,True,,0.002679492,0.0003750001,-0.10683600000000004,0.2020392,0.2020392,0.1683304,0.03370880000000001,0.0257357,0.6991869,0.4779853,0.6991869,0.01094437,4.8500879999999995,2511886000.0,0.0004051627,0.00573399,0.0098051229
ff_vdd1.05_t0,ff,1.05,0.0,0.003,799.9999999999997,0.75,8,1,True,,0.00282252,0.000375,-0.0591600000000001,0.278395,0.278395,0.1175855,0.1608095,0.04097553,0.6971534,0.5769185,0.6971534,0.01671598,6.2820349,3801894000.0,0.0005484636,0.00602004,0.0113778756
tt_vdd1.00_t27,tt,1.0,27.0,0.003,25.0,1.0,8,1,True,,0.001671432,0.0003749997,-0.442856,0.3284536,0.3284536,0.6927726,-0.36431899999999995,0.001375322,1.70501,0.6009923,1.70501,0.01310911,0.7963829999999996,3311311000.0,0.0002489042,0.00371786,0.006692148
ss_vdd0.95_t125,ss,0.95,125.0,0.003,25.0,1.0,8,1,True,,0.00134375,0.0003749992,-0.5520833333333334,0.3369283,0.3369283,0.9327311,-0.5958028,0.0007426454,2.017974,0.5365975,2.017974,0.0094422,0.9187029999999998,3019952000.0,0.0003128547,0.0030625,0.005236875
ff_vdd1.05_t0,ff,1.05,0.0,0.003,25.0,1.0,8,1,True,,0.00193263,0.0003749998,-0.35578999999999994,0.3552451,0.3552451,0.6127054,-0.2574603,0.001886384,1.590608,0.604644,1.590608,0.0160954,0.9405130000000002,3801894000.0,0.0002340512,0.00424026,0.008014091400000001
tt_vdd1.00_t27,tt,1.0,27.0,0.003,38.55527063519852,1.0,8,1,True,,0.00192406,0.000375,-0.35864666666666667,0.3067571,0.3067571,0.5808649,-0.2741078,0.002462321,1.445114,0.5901763,1.445114,0.01367039,0.7758419999999999,3311311000.0,0.0002472505,0.00422312,0.007601616000000001
ss_vdd0.95_t125,ss,0.95,125.0,0.003,38.55527063519852,1.0,8,1,True,,0.001566437,0.000375,-0.4778543333333334,0.3139941,0.3139941,0.7858258,-0.4718317,0.001356347,1.646,0.519759,1.646,0.009970835,0.8833390000000003,2884032000.0,0.0003033433,0.00350787,0.0059984577
ff_vdd1.05_t0,ff,1.05,0.0,0.003,38.55527063519852,1.0,8,1,True,,0.002197372,0.000375,-0.2675426666666667,0.3329277,0.3329277,0.5145881,-0.1816604,0.003375445,1.361533,0.5963493,1.361533,0.01646665,0.9734349999999998,3801894000.0,0.0002397581,0.00476974,0.0090148086
tt_vdd1.00_t27,tt,1.0,27.0,0.003,59.46035575013605,1.0,8,1,True,,0.002134795,0.000375,-0.28840166666666667,0.288835,0.288835,0.4857646,-0.19692959999999998,0.003971528,1.243886,0.5853227,1.243886,0.01401767,0.9418979999999992,3311311000.0,0.000247332,0.00464459,0.008360262
ss_vdd0.95_t125,ss,0.95,125.0,0.003,59.46035575013605,1.0,8,1,True,,0.001780688,0.000375,-0.4064373333333333,0.29256,0.29256,0.6485101,-0.3559501,0.002226181,1.388326,0.5138888,1.388326,0.01036092,0.9380510000000002,2884032000.0,0.0002952144,0.00393638,0.0067312097999999996
ff_vdd1.05_t0,ff,1.05,0.0,0.003,59.46035575013605,1.0,8,1,True,,0.002394267,0.000375,-0.20191100000000006,0.3161237,0.3161237,0.4337452,-0.11762149999999999,0.005411742,1.178347,0.5917352,1.178347,0.01663475,1.2959140000000002,3981072000.0,0.0002486563,0.00516353,0.009759071700000002
tt_vdd1.00_t27,tt,1.0,27.0,0.003,91.70040432046711,1.0,8,1,True,,0.002331408,0.000375,-0.22286399999999995,0.2720912,0.2720912,0.3921765,-0.1200853,0.006009746,1.095647,0.5734187,1.095647,0.01425353,1.330952,3467369000.0,0.0002555317,0.00503782,0.009068076000000001
ss_vdd0.95_t125,ss,0.95,125.0,0.003,91.70040432046711,1.0,8,1,True,,0.001989991,0.000375,-0.33666966666666664,0.2719116,0.2719116,0.5073243,-0.23541269999999997,0.003415752,1.200477,0.4965917,1.200477,0.01064656,1.1484250000000005,2884032000.0,0.0002929616,0.00435498,0.007447015799999999
ff_vdd1.05_t0,ff,1.05,0.0,0.003,91.70040432046711,1.0,8,1,True,,0.002565427,0.000375,-0.14485766666666677,0.3012848,0.3012848,0.3522734,-0.050988599999999995,0.008151849,1.044723,0.5817197,1.044723,0.0167134,1.959702,4168694000.0,0.0002736404,0.00550586,0.0104060754
tt_vdd1.00_t27,tt,1.0,27.0,0.003,141.42135623730948,1.0,8,1,True,,0.002497588,0.000375,-0.16747066666666677,0.2578033,0.2578033,0.3203965,-0.06259319999999996,0.008935713,0.9789579,0.5657262,0.9789579,0.01438923,1.997172,3630781000.0,0.0002727225,0.00537018,0.009666323999999999
ss_vdd0.95_t125,ss,0.95,125.0,0.003,141.42135623730948,1.0,8,1,True,,0.002175763,0.000375,-0.2747456666666668,0.2536039,0.2536039,0.4075918,-0.1539879,0.005119764,1.051071,0.4854538,1.051071,0.0108278,1.5111570000000003,2884032000.0,0.0002940227,0.00472653,0.0080823663
ff_vdd1.05_t0,ff,1.05,0.0,0.003,141.42135623730948,1.0,8,1,True,,0.002689676,0.000375,-0.10344133333333339,0.2903296,0.2903296,0.2880223,0.002307300000000012,0.01191328,0.9395488,0.5752245,0.9395488,0.01673228,3.003456,4365158000.0,0.0003178223,0.00575435,0.010875721500000001
tt_vdd1.00_t27,tt,1.0,27.0,0.003,218.1015465330515,1.0,8,1,True,,0.00262676,0.000375,-0.12441333333333326,0.246533,0.246533,0.2636653,-0.01713229999999999,0.01308262,0.8883947,0.5607491,0.8883947,0.0144533,3.0273450000000004,3630781000.0,0.00030462,0.00562852,0.010131336
ss_vdd0.95_t125,ss,0.95,125.0,0.003,218.1015465330515,1.0,8,1,True,,0.002338671,0.000375,-0.22044299999999994,0.2373897,0.2373897,0.3332568,-0.09586710000000001,0.007655546,0.9339922,0.4782642,0.9339922,0.01093079,2.0408469999999994,2884032000.0,0.0002998053,0.00505234,0.0086395014
ff_vdd1.05_t0,ff,1.05,0.0,0.003,218.1015465330515,1.0,8,1,True,,0.002766439,0.000375,-0.07785366666666671,0.2834648,0.2834648,0.2368339,0.0466309,0.01666378,0.8581258,0.5710126,0.8581258,0.0167276,4.1479476,4365158000.0,0.0003774691,0.00590788,0.0111658932
tt_vdd1.00_t27,tt,1.0,27.0,0.003,336.35856610148574,1.0,8,1,True,,0.002715447,0.000375,-0.09485099999999991,0.2386713,0.2386713,0.2180758,0.020595500000000017,0.01851472,0.8187302,0.5575266,0.8187302,0.01447469,4.324101,3467369000.0,0.0003516854,0.00580589,0.010450602
ss_vdd0.95_t125,ss,0.95,125.0,0.003,336.35856610148574,1.0,8,1,True,,0.002476761,0.000375,-0.17441300000000004,0.223387,0.223387,0.2757125,-0.052325500000000025,0.01134222,0.8438809,0.473616,0.8438809,0.01097338,2.777099,2754229000.0,0.0003115591,0.00532852,0.0091117692
ff_vdd1.05_t0,ff,1.05,0.0,0.003,336.35856610148574,1.0,8,1,True,,0.002810045,0.000375,-0.06331833333333325,0.279527,0.279527,0.1956751,0.08385190000000003,0.02235717,0.7954514,0.5682814,0.7954514,0.01671918,5.0916969000000005,4168694000.0,0.0004366199,0.00599509,0.0113307201
tt_vdd1.00_t27,tt,1.0,27.0,0.003,518.7358218604037,1.0,8,1,True,,0.002769847,0.000375,-0.07671766666666657,0.2337846,0.2337846,0.1811542,0.05263040000000002,0.02489076,0.7648672,0.5554389,0.7648672,0.0144779,5.5664477,3311311000.0,0.0004003715,0.00591469,0.010646442
ss_vdd0.95_t125,ss,0.95,125.0,0.003,518.7358218604037,1.0,8,1,True,,0.002587551,0.000375,-0.13748300000000002,0.2118714,0.2118714,0.2299744,-0.018103000000000008,0.01623706,0.7745315,0.4706077,0.7745315,0.01097296,3.7361200000000006,2511886000.0,0.0003284613,0.0055501,0.009490671
ff_vdd1.05_t0,ff,1.05,0.0,0.003,518.7358218604037,1.0,8,1,True,,0.002835041,0.000375,-0.05498633333333336,0.2772562,0.2772562,0.1624137,0.11484250000000001,0.02893225,0.7468335,0.5665104,0.7468335,0.01671241,5.8797886,3981072000.0,0.0004822183,0.00604508,0.011425201200000002
tt_vdd1.00_t27,tt,1.0,27.0,0.003,799.9999999999997,1.0,8,1,True,,0.002801689,0.000375,-0.06610366666666667,0.2308976,0.2308976,0.1511859,0.0797117,0.03174743,0.7223155,0.5540861,0.7223155,0.01447601,6.585372700000001,3019952000.0,0.0004331781,0.00597838,0.010761084
ss_vdd0.95_t125,ss,0.95,125.0,0.003,799.9999999999997,1.0,8,1,True,,0.002670255,0.000375,-0.1099150000000001,0.2030409,0.2030409,0.1930278,0.010013099999999997,0.02196168,0.7199509,0.4686594,0.7199509,0.01094856,4.835941999999999,2290868000.0,0.0003460384,0.00571551,0.0097735221
ff_vdd1.05_t0,ff,1.05,0.0,0.003,799.9999999999997,1.0,8,1,True,,0.002849705,0.000375,-0.050098333333333356,0.275919,0.275919,0.1354961,0.14042290000000002,0.03609584,0.7082804,0.565362,0.7082804,0.01670777,6.6180213000000006,3630781000.0,0.0005058726,0.00607441,0.0114806349
tt_vdd1.00_t27,tt,1.0,27.0,0.0015,200.0,0.5,2,1,True,,0.001477943,0.0001875,-0.0147046666666667,0.3454234,0.3454234,0.1424288,0.2029946,0.01692554,0.7566106,0.5865875,0.7566106,0.01255345,4.7580822,4168694000.0,0.0005066325,0.00314339,0.005658102
ss_vdd0.95_t125,ss,0.95,125.0,0.0015,200.0,0.5,2,1,True,,0.00146003,0.0001875,-0.026646666666666707,0.3248452,0.3248452,0.1818314,0.1430138,0.01244872,0.7535789,0.4962436,0.7535789,0.009735436,4.2354147,3630781000.0,0.0005318806,0.00310756,0.0053139276
ff_vdd1.05_t0,ff,1.05,0.0,0.0015,200.0,0.5,2,1,True,,0.001474537,0.0001875,-0.016975333333333342,0.3937787,0.3937787,0.1256181,0.26816059999999997,0.01909652,0.7421966,0.6007986,0.7421966,0.01495259,5.0034282,4570882000.0,0.0005014809,0.00313657,0.005928117300000001
tt_vdd1.00_t27,tt,1.0,27.0,0.0015,200.0,0.5,4,1,True,,0.001452405,0.0001875,-0.031730000000000036,0.3476968,0.3476968,0.1421364,0.20556039999999998,0.01668945,0.7566106,0.5892294,0.7566106,0.0124708,4.7491719,4168694000.0,0.0005037522,0.00309231,0.005566158
ss_vdd0.95_t125,ss,0.95,125.0,0.0015,200.0,0.5,4,1,True,,0.001439801,0.0001875,-0.040132666666666594,0.3269287,0.3269287,0.1840117,0.14291700000000002,0.01245361,0.7535789,0.5005027,0.7535789,0.009687234,4.234258,3630781000.0,0.0005330503,0.0030671,0.005244741
ff_vdd1.05_t0,ff,1.05,0.0,0.0015,200.0,0.5,4,1,True,,0.001455624,0.0001875,-0.029584000000000055,0.3953849,0.3953849,0.1254702,0.26991469999999995,0.0188179,0.7421966,0.602602,0.7421966,0.01488834,4.9859038,4570882000.0,0.0004971217,0.00309875,0.0058566375
tt_vdd1.00_t27,tt,1.0,27.0,0.0015,200.0,0.5,8,1,True,,0.001397496,0.0001875,-0.06833599999999995,0.3526173,0.3526173,0.1412263,0.21139100000000002,0.01618643,0.7566106,0.5946907,0.7566106,0.01228513,4.7474927000000005,3981072000.0,0.0004981181,0.00298249,0.005368482
ss_vdd0.95_t125,ss,0.95,125.0,0.0015,200.0,0.5,8,1,True,,0.001389293,0.0001875,-0.07380466666666674,0.3321638,0.3321638,0.1864212,0.1457426,0.01234138,0.7535789,0.5091853,0.7535789,0.009561793,4.2517693,3630781000.0,0.0005351625,0.00296609,0.005072013899999999
ff_vdd1.05_t0,ff,1.05,0.0,0.0015,200.0,0.5,8,1,True,,0.001412019,0.0001875,-0.058653999999999984,0.3990977,0.3990977,0.1249033,0.2741944,0.01822884,0.7421966,0.606431,0.7421966,0.01473411,4.974458599999999,4570882000.0,0.0004888278,0.00301154,0.0056918106000000005
tt_vdd1.00_t27,tt,1.0,27.0,0.0015,200.0,0.5,16,2,True,,0.001396632,0.0001875,-0.06891199999999997,0.3526952,0.3526952,0.1433765,0.2093187,0.01581747,0.7644397,0.6060539,0.7644397,0.01228212,4.750610200000001,3981072000.0,0.0004912422,0.00298076,0.005365368
ss_vdd0.95_t125,ss,0.95,125.0,0.0015,200.0,0.5,16,2,True,,0.001388901,0.0001875,-0.07406600000000008,0.3322046,0.3322046,0.1933543,0.1388503,0.01234655,0.7641655,0.5269853,0.7641655,0.009560789,4.257071,3630781000.0,0.0005360763,0.0029653,0.005070663
ff_vdd1.05_t0,ff,1.05,0.0,0.0015,200.0,0.5,16,2,True,,0.001410692,0.0001875,-0.05953866666666663,0.3992108,0.3992108,0.1265706,0.2726402,0.01768052,0.7480907,0.6146176,0.7480907,0.01472928,4.975154600000001,4570882000.0,0.0004792771,0.00300888,0.0056867832
tt_vdd1.00_t27,tt,1.0,27.0,0.0015,200.0,0.5,24,3,True,,0.001399289,0.0001875,-0.06714066666666674,0.3524559,0.3524559,0.1453414,0.20711449999999998,0.0154976,0.773439,0.6176709,0.773439,0.01229137,4.7713532,3981072000.0,0.0004854113,0.00298608,0.0053749439999999996
ss_vdd0.95_t125,ss,0.95,125.0,0.0015,200.0,0.5,24,3,True,,0.001391355,0.0001875,-0.0724300000000001,0.3319491,0.3319491,0.1982576,0.1336915,0.01226875,0.7765737,0.5450855,0.7765737,0.009567058,4.2780659,3630781000.0,0.0005353728,0.00297021,0.0050790591
ff_vdd1.05_t0,ff,1.05,0.0,0.0015,200.0,0.5,24,3,True,,0.001413164,0.0001875,-0.05789066666666676,0.399,0.399,0.128239,0.27076100000000003,0.01722747,0.7552608,0.6230866,0.7552608,0.01473827,4.9985809,4570882000.0,0.0004717264,0.00301383,0.005696138700000001
tt_vdd1.00_t27,tt,1.0,27.0,0.0015,200.0,0.5,32,4,True,,0.001405319,0.0001875,-0.06312066666666671,0.3519134,0.3519134,0.1471707,0.2047427,0.0152956,0.7804126,0.6258853,0.7804126,0.01231226,4.8113931999999995,3981072000.0,0.0004825814,0.00299814,0.005396652
ss_vdd0.95_t125,ss,0.95,125.0,0.0015,200.0,0.5,32,4,True,,0.001397011,0.0001875,-0.0686593333333333,0.3313607,0.3313607,0.2016467,0.129714,0.01216951,0.7851377,0.5569676,0.7851377,0.009581439,4.3117627,3630781000.0,0.0005343406,0.00298152,0.0050983992
ff_vdd1.05_t0,ff,1.05,0.0,0.0015,200.0,0.5,32,4,True,,0.001418848,0.0001875,-0.054101333333333446,0.3985153,0.3985153,0.129871,0.26864430000000006,0.01697234,0.7612771,0.6294323,0.7612771,0.01475884,5.0422054,4570882000.0,0.0004684927,0.0030252,0.005717628000000001
